cust.id,age,credit.score,email,distance.to.store,online.visits,online.trans,online.spend,store.trans,store.spend,sat.service,sat.selection
1,22.89436906,630.6088828,yes,2.582494242,20,3,58.4299887,4,140.3232127,3,3
2,28.04994371,748.5746444,yes,48.17598865,121,39,756.8800827,0,0,3,3
3,35.87941726,732.5458577,yes,1.285712357,39,14,250.3280057,0,0,NA,NA
4,30.52739529,829.588862,yes,5.253992081,1,0,0,2,95.91194397,4,2
5,38.7357468,733.796825,no,25.04469332,35,11,204.6933143,0,0,1,1
6,42.41277318,685.8720636,yes,18.46204146,1,1,19.01064577,0,0,NA,NA
7,28.29395353,724.5463531,yes,9.344021147,1,1,18.71619853,2,63.52374087,3,3
8,36.4906547,748.5761173,yes,6.917498896,48,13,255.8191823,4,74.98432749,2,3
9,30.3707616,689.665623,no,12.84821341,0,0,0,0,0,4,2
10,26.58999405,786.5158074,no,6.618326289,14,6,123.6717575,3,103.4196062,3,2
11,41.83585009,722.1055922,no,6.630191042,2,1,20.25378314,0,0,3,2
12,37.43825541,707.2863073,yes,1.507925834,0,0,0,9,453.233778,NA,NA
13,35.15135717,745.6269126,yes,58.6047324,0,0,0,0,0,NA,NA
14,31.93054246,732.5897675,no,3.8797472,108,26,601.6076979,3,63.61792987,1,2
15,29.06092599,738.1976479,yes,47.9199701,0,0,0,0,0,NA,NA
16,39.84534798,842.0465315,yes,13.21673099,1,0,0,2,78.34357944,3,3
17,36.20551568,703.2109559,yes,21.19684802,0,0,0,0,0,3,3
18,35.8871829,738.271735,yes,2.496047849,33,8,181.0968489,2,44.08913111,NA,NA
19,36.94243265,705.2772215,yes,1.376435652,16,7,149.9711789,0,0,2,2
20,33.74108765,842.2984547,yes,89.35825685,13,2,47.22550193,0,0,NA,NA
21,30.7054773,672.7040267,yes,1.745890792,0,0,0,0,0,NA,NA
22,34.17075026,814.8526202,yes,23.16197588,24,6,122.9513657,1,21.7438967,2,1
23,42.03993185,707.4867613,yes,22.36708299,0,0,0,0,0,3,3
24,35.62878459,717.913716,yes,22.29310066,14,5,92.61715903,0,0,NA,NA
25,39.87986304,791.4544045,yes,4.369330864,3,1,24.24425615,2,103.1863358,3,2
26,32.20533581,701.2217762,yes,4.463503637,83,35,706.0434609,3,84.04956387,3,2
27,42.04015907,723.7211983,yes,8.249870355,127,49,908.0894949,2,34.513131,4,2
28,32.51104953,746.8590465,yes,5.485963954,8,2,34.10220924,0,0,3,2
29,29.57558525,778.313216,yes,3.648223243,30,13,249.3372812,3,212.4114525,3,3
30,31.55003111,764.4168117,yes,2.749098656,40,11,243.528612,0,0,4,4
31,38.26735689,742.031198,yes,1.955164911,0,0,0,4,167.4236197,NA,NA
32,38.00436105,799.4423115,yes,6.111136591,13,6,132.8426715,0,0,NA,NA
33,35.20073596,733.4621383,yes,0.334653458,197,50,1073.632764,2,56.88312024,NA,NA
34,22.59138364,695.6792357,no,4.810059254,4,1,17.45744157,1,68.44906565,3,2
35,45.10127808,778.8314169,yes,11.22578911,0,0,0,0,0,4,5
36,39.47466796,682.3057984,yes,6.999120395,0,0,0,0,0,3,3
37,34.5446905,724.3978321,yes,28.71155508,21,8,138.0911158,0,0,3,3
38,37.25195836,833.022689,yes,59.1646331,0,0,0,0,0,3,2
39,30.32668774,741.145962,yes,5.758016808,1,1,21.93819473,1,64.83811154,4,4
40,40.78978611,796.7941558,yes,5.645775622,0,0,0,0,0,2,1
41,35.91567948,766.5300703,no,15.51574686,0,0,0,0,0,3,3
42,36.40190207,749.3534602,yes,22.3918532,0,0,0,2,44.74995872,3,1
43,44.08775398,793.5499619,yes,8.568524561,17,6,119.6875429,1,23.95146319,2,1
44,31.03339291,733.5354182,yes,5.684715925,0,0,0,1,48.61663305,4,3
45,38.57282834,779.160615,yes,10.19362719,0,0,0,1,26.66137953,NA,NA
46,31.70923503,752.6412117,yes,11.73568562,43,12,227.3820294,1,50.28362045,NA,NA
47,36.8687373,639.7920896,yes,16.50326648,1,1,18.45936302,0,0,NA,NA
48,28.98988494,696.8009315,yes,14.25760508,111,35,816.2056681,0,0,4,2
49,32.85199836,677.4457477,no,5.300757384,0,0,0,2,89.40804806,4,3
50,35.64129915,719.3674505,yes,6.52756237,1,0,0,0,0,NA,NA
51,32.49882499,757.4375464,yes,25.17086423,0,0,0,0,0,4,3
52,38.49146441,698.335114,yes,3.067565153,24,6,120.3809938,3,115.5138977,NA,NA
53,37.9136337,677.6265888,yes,4.573269458,33,11,216.8157191,2,127.0332008,NA,NA
54,32.84424489,769.5847243,yes,4.630163069,24,12,177.1465366,3,160.1279321,2,2
55,33.13386068,667.197898,no,29.97722946,19,4,98.26825949,1,18.42484817,3,3
56,34.02240655,673.2305944,yes,37.4487491,0,0,0,1,24.56594723,4,2
57,31.01846594,744.3901905,yes,4.942791251,85,24,596.1811807,2,60.45557106,3,2
58,45.63044092,688.8854761,no,4.769523781,0,0,0,5,261.366747,1,1
59,44.54569118,764.1930751,yes,12.06935686,7,1,20.04733067,1,59.14891947,2,1
60,33.43748601,732.6263377,yes,12.09814033,0,0,0,1,60.9679643,3,1
61,33.79529506,671.6981096,yes,15.23592398,67,27,634.9900855,0,0,2,1
62,39.94853197,820.7080229,no,28.13882896,0,0,0,1,39.43218922,3,2
63,34.12424665,674.85822,no,2.015206803,0,0,0,1,25.95037347,3,2
64,41.11987989,763.7939206,yes,5.841251563,1,0,0,1,57.20763023,1,1
65,40.8290341,732.6068737,yes,20.00472457,34,12,241.4865744,2,82.98097883,2,3
66,39.42864533,772.8111705,yes,7.126478834,14,3,67.71892471,2,69.04173184,4,2
67,23.88383853,754.8034837,yes,19.21502929,21,7,160.7218188,0,0,3,1
68,40.61246946,843.0338169,yes,1.402692414,11,1,18.20603849,3,102.7744582,NA,NA
69,38.10401553,669.4492805,yes,8.658982183,0,0,0,0,0,5,4
70,36.00869011,722.0875775,yes,1.431512618,0,0,0,3,249.1932081,NA,NA
71,40.28407626,753.1125899,yes,27.93110737,2,1,22.00024468,1,44.0058296,NA,NA
72,37.7569601,700.2738537,yes,12.93049964,4,0,0,0,0,3,2
73,35.19311556,809.7844696,no,2.080182362,0,0,0,3,59.43789636,2,2
74,26.26666644,776.9684181,yes,3.043751913,1,0,0,1,86.47043472,NA,NA
75,40.58817092,754.1196798,no,10.28231791,12,4,84.37870745,0,0,NA,NA
76,35.21613764,679.6412201,no,1.806026732,5,1,19.60512481,7,312.8506468,3,2
77,34.89519731,677.4589433,yes,55.11375353,1,1,20.07498053,0,0,NA,NA
78,28.43162856,773.2164259,yes,0.428935839,3,1,20.46527569,3,59.21746974,NA,NA
79,33.06171749,707.9952498,yes,11.76379919,0,0,0,0,0,5,3
80,26.01190212,686.8421802,yes,22.24241307,2,1,20.91207785,3,62.66924354,4,2
81,38.93110737,701.1026935,yes,5.017904386,0,0,0,2,75.82612269,NA,NA
82,41.60464185,706.7212256,yes,5.070172476,0,0,0,2,61.06583323,3,2
83,37.40000647,776.4962338,yes,9.999287511,0,0,0,0,0,NA,NA
84,44.4216774,829.6764454,no,6.246902521,0,0,0,1,22.18546601,2,2
85,34.7862712,741.1041687,yes,5.358763263,45,8,160.8335757,4,335.0612545,NA,NA
86,30.75320052,741.9654569,yes,1.842870206,4,0,0,1,19.87536113,3,2
87,33.87115974,764.4218576,yes,12.00659635,2,1,19.25341638,0,0,4,4
88,24.74732831,637.5300587,yes,14.76784463,2,0,0,0,0,3,3
89,36.00948366,774.8936694,yes,22.00351797,0,0,0,0,0,2,2
90,34.9881961,742.5421012,no,7.603809194,40,11,206.5273374,4,141.9842646,2,1
91,34.55817475,802.4382612,no,2.347208445,6,0,0,0,0,2,2
92,33.26338986,741.6567787,yes,13.23440906,0,0,0,2,73.62817055,3,3
93,42.27956494,640.3669351,yes,11.78680325,7,0,0,0,0,3,2
94,39.49132529,680.00494,no,2.100744116,12,3,73.26527954,3,77.44825284,2,3
95,37.45794136,723.8002455,no,52.82408897,5,3,67.3371657,0,0,3,2
96,38.63751645,716.1918508,yes,12.27489995,144,34,707.9314206,1,20.74571237,4,3
97,32.4479933,672.9345411,no,218.9098974,1,0,0,0,0,3,3
98,41.36571874,711.5971209,yes,0.636410364,143,48,875.6500116,4,221.0424481,NA,NA
99,33.21003591,741.6725147,yes,105.792084,5,1,18.97981031,1,31.48071974,4,3
100,36.28965448,759.0256541,yes,3.023695015,186,45,1013.604336,0,0,NA,NA
101,38.37787131,709.4658707,no,9.278993856,52,13,273.5338723,0,0,2,2
102,30.63275923,718.5917905,yes,53.18687946,2,0,0,0,0,NA,NA
103,37.69562395,721.7201424,yes,10.35676396,0,0,0,1,41.62738969,3,4
104,46.66783127,818.1566099,yes,216.6175154,30,5,113.2988756,0,0,4,3
105,33.19160974,729.4987344,yes,11.58610542,4,1,17.80641422,1,31.97075276,3,2
106,38.65877373,814.712513,yes,1.131113375,112,37,906.1944782,1,44.57703437,3,1
107,35.58659043,750.0029788,yes,9.899097928,1,0,0,1,39.72747053,5,4
108,27.93058561,732.0082643,yes,16.18679651,0,0,0,1,42.80484954,4,2
109,25.14275927,626.8342257,yes,5.324112954,5,2,47.4373214,2,50.18193936,4,2
110,45.82844654,732.150887,yes,7.214937507,42,12,278.5077382,0,0,3,2
111,36.37094244,680.0491886,yes,117.9472797,18,6,112.4565493,0,0,NA,NA
112,34.84444166,763.3844103,yes,10.3515463,0,0,0,0,0,5,5
113,31.79423885,758.5878551,no,5.371575145,1,0,0,2,50.84723485,4,2
114,34.69435873,770.1726877,yes,52.768089,323,88,1764.264097,0,0,NA,NA
115,29.17564678,708.0996015,yes,14.54452259,30,8,170.882471,1,26.83954005,3,3
116,36.53011663,697.8143546,no,37.90363996,3,0,0,0,0,NA,NA
117,36.89497287,727.9685716,yes,28.3672168,0,0,0,0,0,2,1
118,31.71834571,685.3156696,yes,26.3200238,7,2,42.501145,0,0,3,2
119,27.39209396,610.888216,yes,16.48753834,0,0,0,2,138.1617753,2,2
120,30.47454181,682.2686278,yes,3.145236668,34,10,200.2009714,1,23.33754701,NA,NA
121,39.22131994,702.2646973,yes,128.9881923,0,0,0,0,0,4,3
122,35.14176892,611.0710351,yes,3.907009268,15,5,97.75708908,5,256.0093754,NA,NA
123,29.8117934,740.929568,yes,3.126127449,64,22,425.3129534,0,0,3,2
124,26.83902407,654.8199974,yes,2.376955484,46,10,185.4998345,1,26.60848661,3,3
125,39.59356643,745.0456851,yes,4.15720078,2,0,0,3,113.6147805,NA,NA
126,41.15713396,713.271144,yes,3.27952616,19,5,109.6269622,2,80.91851808,3,2
127,43.81171898,705.2999436,yes,4.185829629,71,22,410.3125111,2,74.79195947,NA,NA
128,29.31245441,725.789748,yes,1.492400199,10,1,21.65465805,0,0,4,4
129,28.97689535,657.4722224,no,31.15656897,4,0,0,1,45.18739441,NA,NA
130,37.38335601,702.5605895,yes,1.049023062,77,21,486.194585,9,472.1971066,4,4
131,37.4121601,692.3868481,yes,3.94433125,106,26,473.920653,1,43.90472258,3,3
132,30.74241712,805.4912079,yes,8.696946747,79,31,522.021363,0,0,3,3
133,28.36794907,721.7437516,yes,29.54907911,2,1,18.7483632,1,37.89250782,NA,NA
134,32.95551305,770.5755408,yes,13.10987378,218,63,1308.636492,1,27.40090894,4,2
135,37.7333461,704.9718926,yes,12.2018345,5,2,37.43728901,1,17.55483983,2,2
136,32.56234566,717.3641604,yes,0.834154302,0,0,0,2,75.47752875,3,2
137,31.32668898,718.704309,yes,2.619671654,19,6,132.9697337,0,0,3,3
138,33.69238876,624.8409464,yes,22.75340661,3,0,0,1,32.98564587,2,1
139,36.9950663,712.3827841,no,6.481746821,36,8,174.4024224,2,61.06870931,NA,NA
140,32.48283659,757.0059803,yes,15.52606412,0,0,0,0,0,3,2
141,35.67478482,718.9565264,yes,5.432446645,99,31,694.8313298,1,18.98833052,3,1
142,27.17998742,722.4129856,yes,11.48525531,6,4,77.24367793,0,0,3,3
143,41.28530559,747.5424361,no,3.403312798,0,0,0,3,87.40176227,4,3
144,34.79664398,728.8791297,no,5.461496735,0,0,0,0,0,NA,NA
145,27.88913532,689.7723266,yes,2.845837367,0,0,0,3,100.3676349,3,3
146,34.40445171,640.7105567,yes,4.913118522,22,3,70.40643646,1,25.4515741,4,3
147,31.94583417,735.3830846,yes,5.323401194,0,0,0,1,29.8235391,NA,NA
148,40.9998555,740.4689765,yes,12.46873364,0,0,0,2,52.71699713,NA,NA
149,19.83466421,653.8526838,yes,1.653708261,0,0,0,0,0,2,2
150,34.04854276,785.9098235,yes,3.147326454,26,13,286.7231509,2,43.96973367,2,1
151,36.44339607,672.9245361,yes,1.967516594,12,3,56.40850709,1,40.73020359,NA,NA
152,27.34117302,740.2850646,no,43.62607806,0,0,0,0,0,NA,NA
153,48.26011079,804.1066241,yes,5.146522328,118,40,898.4234395,3,86.2852473,NA,NA
154,32.70987516,699.5538743,yes,3.61830905,5,3,57.05857092,3,77.96540835,4,4
155,27.97629731,676.0017809,yes,4.688595788,0,0,0,0,0,NA,NA
156,39.03925097,720.8481961,yes,3.685421586,0,0,0,2,72.30698684,2,1
157,29.48004072,675.2575507,yes,32.98248691,0,0,0,0,0,3,3
158,35.24640485,706.1970947,yes,3.929008422,0,0,0,0,0,3,2
159,30.05719145,718.3422194,yes,49.40374938,102,28,450.1789097,1,30.96717119,2,3
160,32.5625493,724.9074478,no,2.080179852,20,4,90.93070889,0,0,NA,NA
161,33.21597926,756.2814407,yes,1.173302178,6,1,18.67661818,0,0,NA,NA
162,38.59864119,792.3844853,yes,5.233899888,9,6,112.9814279,1,24.67484468,2,2
163,21.19839709,749.6918308,yes,16.54463824,0,0,0,3,123.4698721,NA,NA
164,42.64360699,790.7545073,no,3.45455115,5,1,21.28888753,3,66.58104287,2,1
165,33.18316633,663.0566147,yes,4.291078989,0,0,0,1,27.21700453,2,2
166,42.95558434,770.2735821,yes,2.81326443,13,5,106.8471964,3,113.6419826,3,2
167,38.50249819,813.821444,no,10.75463219,18,5,85.54848231,1,30.28502237,4,3
168,32.02335492,801.3875821,yes,4.803725318,0,0,0,3,111.846593,3,2
169,36.19353394,698.4418755,no,0.499604195,0,0,0,5,143.5245151,3,4
170,36.98018064,697.3906567,yes,14.06397628,0,0,0,0,0,1,2
171,29.94275795,614.3671905,no,6.506684222,0,0,0,1,44.91711996,4,3
172,37.82596465,725.0682851,yes,27.98379397,26,9,180.5941641,4,111.2402105,3,3
173,26.30061696,730.7240343,no,4.670887659,6,1,20.42152339,1,32.2863921,NA,NA
174,33.78672254,733.4540302,yes,25.77699364,236,89,1953.156066,1,24.07876189,2,2
175,32.37530099,736.6143041,yes,2.468248085,0,0,0,2,30.65336943,NA,NA
176,28.60844489,731.757669,yes,1.122074859,9,3,64.32133219,1,38.06310647,3,3
177,27.03281627,643.8601336,yes,24.87767373,1,1,20.34244148,1,30.72836281,3,3
178,38.12036243,767.2950416,yes,42.87196562,0,0,0,0,0,5,4
179,36.29745417,742.3065847,no,4.037702436,59,22,390.3711783,1,25.77884815,NA,NA
180,25.42821451,664.4029823,yes,12.61647235,89,24,454.1831323,0,0,2,1
181,34.20419899,735.5890036,yes,11.68743747,17,3,58.4575001,1,20.72904389,NA,NA
182,37.1266021,755.0296428,yes,12.32259389,28,5,119.1092439,1,42.3748341,NA,NA
183,26.10570198,778.319553,no,1.383076424,88,25,501.6510303,3,43.86507995,4,3
184,34.81257184,665.2927093,no,28.59989429,0,0,0,0,0,2,1
185,34.36297095,763.3408658,yes,6.757415688,5,2,39.9284735,0,0,3,4
186,31.22963229,776.2915861,no,7.732523445,13,3,54.64783133,1,34.76548553,NA,NA
187,36.10040123,722.7083816,yes,8.489123457,62,14,244.1153491,1,22.45879237,5,3
188,30.93880533,696.6935025,no,32.54479191,13,3,64.29537804,3,92.77561049,4,3
189,37.66366961,710.4446793,no,30.59145773,21,5,110.5781964,2,89.67330221,NA,NA
190,37.29481081,662.8114306,yes,7.944954894,5,4,75.4925613,1,21.84542666,3,2
191,38.35584089,755.4307052,yes,5.083339871,134,33,682.6221198,2,80.32295494,NA,NA
192,35.60612549,681.9752318,yes,4.44826017,10,2,42.49023352,1,20.58171079,3,4
193,28.29983426,706.8505604,yes,1.104804305,0,0,0,2,97.71435419,4,4
194,34.52347304,693.3531638,yes,86.98680255,12,1,19.84635293,0,0,2,2
195,31.26344176,726.8818981,no,1.724700951,1,0,0,2,39.67286586,NA,NA
196,37.79199195,731.9448906,no,2.218152305,5,1,20.06862495,4,157.2821385,2,2
197,38.80447054,735.7752464,no,101.4929982,27,11,221.7289086,1,38.18270358,NA,NA
198,37.39646658,742.5510504,yes,52.56801078,32,7,171.5328303,1,33.0147452,3,4
199,29.30663214,676.061056,yes,4.762237631,0,0,0,3,77.99979477,4,3
200,33.58083294,738.4600363,yes,1.892558997,122,39,772.520248,1,33.84029606,3,3
201,40.68742883,730.5315924,yes,4.351408806,0,0,0,0,0,NA,NA
202,35.64211383,720.3285973,yes,10.43190407,1,1,20.07423886,1,38.45647818,3,3
203,28.2753423,724.2724612,yes,2.932706272,0,0,0,3,63.32422734,NA,NA
204,37.47590162,740.9834692,yes,15.63000929,73,24,479.9323098,0,0,3,3
205,29.18318342,787.3328679,yes,38.76208583,3,1,18.85054606,3,227.9238016,3,2
206,41.19271407,694.3751749,yes,33.33447771,11,2,36.99165201,0,0,3,2
207,31.81136378,736.6543839,yes,1.88512155,0,0,0,2,158.4856849,3,2
208,39.3240841,798.1273246,yes,4.279766415,16,4,65.60469493,2,36.57966447,2,1
209,31.79315161,699.0050353,yes,5.557161439,50,14,265.4653429,0,0,NA,NA
210,26.8640297,737.4892685,yes,31.09251091,3,2,43.01780523,2,45.41342413,NA,NA
211,25.62153947,656.2561656,yes,2.399621582,0,0,0,1,56.4957139,NA,NA
212,35.33850799,718.8700971,no,6.09912097,10,3,53.61492302,0,0,NA,NA
213,32.90694001,645.0490857,yes,3.511674815,1,0,0,1,71.20257494,3,3
214,35.07477411,647.2562577,yes,2.93324677,28,8,153.2655587,0,0,NA,NA
215,41.71160287,693.1016132,yes,9.506501298,17,5,101.3224694,2,88.23120814,3,1
216,37.21398148,783.0412099,yes,15.26976754,0,0,0,0,0,3,2
217,36.0775619,733.2848265,yes,5.909871092,5,1,18.51012849,1,15.00681186,3,2
218,32.32558084,682.96076,yes,9.88793213,25,7,153.5671643,1,15.46053789,NA,NA
219,36.15856975,831.6190591,yes,9.130724428,55,19,371.9348548,0,0,3,3
220,42.72995733,682.3580162,yes,55.85711861,0,0,0,0,0,2,3
221,36.86245824,729.1010946,no,4.106270999,20,5,90.54409653,1,44.93260618,NA,NA
222,34.25077972,752.384099,yes,24.01024511,11,3,60.27933446,2,47.10460089,3,2
223,32.31028157,704.9944481,yes,16.38538878,0,0,0,0,0,5,3
224,31.40381795,638.2230895,yes,10.4348131,18,5,86.01823767,1,46.29210421,3,2
225,40.1425084,754.0997689,yes,2.068960482,156,49,790.5029189,5,134.4600318,NA,NA
226,34.37624735,759.103825,no,8.867693946,2,0,0,0,0,3,3
227,38.21659472,571.5728492,yes,3.300231361,0,0,0,4,141.4250341,4,4
228,35.86582294,742.023496,no,9.100851528,32,9,188.8337666,0,0,3,2
229,37.06247078,716.9703053,yes,0.393031753,0,0,0,5,159.0984256,NA,NA
230,36.69955494,794.5245835,yes,1.228081527,5,2,38.57924635,3,49.09272129,3,1
231,31.46536139,699.0511248,no,45.42983966,36,12,229.4570056,0,0,NA,NA
232,38.15774527,707.5483119,yes,12.60308446,18,1,20.54555452,0,0,NA,NA
233,36.25106778,713.2250724,yes,32.82851889,0,0,0,1,11.21527199,5,4
234,33.51981867,746.3724555,no,1.722909885,53,12,244.7842228,7,166.8974318,3,2
235,26.08309131,731.0383211,yes,54.45135553,19,4,95.17524991,0,0,NA,NA
236,39.98246879,758.2610859,yes,0.783278881,3,1,18.70424397,1,21.24567352,NA,NA
237,32.65049665,661.6646311,yes,35.71364757,2,1,18.97446063,0,0,NA,NA
238,31.64169139,816.942817,yes,7.864239356,2,1,21.80843042,0,0,1,1
239,37.75263906,869.0527824,yes,17.54364316,81,28,554.9393008,0,0,4,4
240,36.46164782,690.3275389,no,53.34827567,22,6,128.1180085,1,35.91933223,2,2
241,38.03432355,688.9360207,yes,10.46172057,1,1,24.57333813,0,0,3,3
242,35.068678,761.078197,no,18.6206607,9,3,57.96461153,1,56.39917924,3,1
243,37.36574812,715.0919192,no,17.48750604,3,0,0,0,0,3,2
244,38.00658324,748.0911194,yes,5.668998543,1,1,19.92916261,0,0,NA,NA
245,32.45058099,652.4531048,yes,16.0989622,31,11,276.2015838,2,60.61127379,3,3
246,34.13946249,742.6679835,yes,8.379077701,6,2,40.3578333,2,102.1123155,4,3
247,40.27257296,745.3436086,no,5.031415055,0,0,0,0,0,NA,NA
248,37.86131273,746.994734,no,0.461897574,0,0,0,2,73.28313603,3,2
249,36.10810168,736.454346,yes,8.891110017,2,1,23.77607485,0,0,3,2
250,36.81611441,706.3356639,yes,76.62642131,2,2,36.43413158,1,26.13773095,NA,NA
251,39.28399944,789.5887836,yes,4.884155174,2,0,0,1,21.91232961,3,2
252,42.5577687,762.8123822,yes,1.879789564,27,9,185.9054389,5,155.2648503,4,2
253,33.18257473,721.1364576,no,6.572808616,6,2,36.78169117,2,41.56507024,4,3
254,41.53503478,774.2274529,yes,4.466082743,0,0,0,0,0,3,3
255,29.76925424,757.1986636,yes,1.349235769,4,0,0,5,201.5119692,3,3
256,33.43003055,680.0737453,yes,12.92940036,2,1,22.09967708,0,0,4,3
257,31.35242163,713.7425291,no,24.9804577,10,5,96.86091374,1,71.87657653,2,3
258,33.24308884,694.5721475,yes,4.908000936,167,44,748.4100623,3,135.7098657,4,3
259,33.24561022,777.3963159,no,4.126703947,15,3,63.09464519,4,125.871457,1,1
260,35.47594943,708.5559906,yes,6.895840549,9,5,103.1561842,0,0,NA,NA
261,29.7005456,790.0070626,yes,15.07809967,43,16,301.4454319,1,37.79854946,2,2
262,35.87589774,812.5673277,no,6.859289497,0,0,0,0,0,NA,NA
263,28.73929916,698.6143854,yes,4.229692688,62,18,347.9175953,3,93.11493236,3,2
264,35.17763301,653.8242119,yes,27.21915762,121,36,594.4411976,0,0,NA,NA
265,35.55073119,721.3490742,yes,9.435925264,2,0,0,2,76.57896234,NA,NA
266,33.62377177,740.1144894,yes,36.29197028,0,0,0,0,0,NA,NA
267,31.49135806,584.0826669,yes,41.97466785,78,17,348.4779694,3,100.6938637,3,1
268,38.93279596,658.913383,yes,0.861843695,98,31,605.5686182,4,49.58394462,2,2
269,33.57854381,781.0582996,yes,0.43139231,98,24,491.127883,0,0,NA,NA
270,36.46857581,690.3557818,yes,15.47650767,2,1,19.64948809,0,0,4,2
271,35.26111948,674.5722386,yes,3.985405571,97,31,572.8918228,0,0,3,3
272,36.04436847,722.9326775,yes,3.248527639,10,7,124.5985701,1,16.85782179,3,2
273,35.44379923,704.6729422,yes,30.14804168,12,3,57.22018622,1,19.72670843,4,3
274,39.19843554,693.8734819,yes,9.868238883,4,2,41.05374684,3,66.45905852,NA,NA
275,26.05676754,659.4271089,yes,4.838070386,3,2,42.46258175,3,40.48121765,NA,NA
276,28.08089128,688.0817564,yes,24.75366567,47,13,233.0956709,0,0,4,4
277,36.12723329,768.2823654,yes,1.078215243,10,3,56.06706356,2,58.39907854,3,2
278,32.56559817,656.3861644,yes,29.10760958,8,1,22.45135957,0,0,4,3
279,31.65080582,731.7120142,yes,30.77164024,0,0,0,0,0,3,2
280,26.62261941,762.4278165,yes,5.467392898,87,34,628.0813753,2,35.54971547,3,4
281,39.89229155,690.1407927,no,14.75442362,10,1,17.65749504,0,0,2,2
282,43.31622477,742.6254736,yes,16.22725585,39,9,224.8793175,0,0,NA,NA
283,47.87497432,845.568032,yes,1.899629548,9,3,60.13104307,2,38.56066446,NA,NA
284,41.60236553,800.9449019,yes,25.29897264,0,0,0,0,0,3,2
285,32.67558902,651.5944342,no,3.947081227,13,3,50.99483804,3,156.7677738,3,1
286,31.83809252,766.4838472,yes,12.8377222,1,0,0,1,37.53273864,NA,NA
287,33.92750293,701.7424364,yes,17.58291543,28,11,188.1849975,0,0,1,1
288,32.14641966,753.8851553,yes,4.594605038,28,8,161.474923,3,128.4481509,3,1
289,40.51649093,665.0396275,yes,6.310664905,1,0,0,1,16.30311944,NA,NA
290,28.47065304,681.8317408,no,3.64118227,4,1,18.76642755,0,0,3,3
291,29.65297696,685.9049602,yes,4.158245086,16,7,126.653129,3,46.40875033,NA,NA
292,33.72301706,715.501379,yes,34.22797684,323,88,1798.376736,0,0,NA,NA
293,41.68674516,689.1030441,yes,5.849440103,0,0,0,1,29.82317749,NA,NA
294,29.9697891,739.9928888,yes,0.890669703,184,58,1145.364403,1,40.46827906,NA,NA
295,29.13899668,664.5012223,yes,7.750675535,20,10,220.203178,2,53.67264627,4,3
296,40.06478666,732.1281684,yes,1.781226678,0,0,0,0,0,NA,NA
297,35.72699157,763.1495996,yes,2.789337754,11,4,80.66771065,3,151.513898,4,3
298,45.02324546,762.2348055,yes,4.981480145,16,3,58.51724914,6,118.95869,3,2
299,42.0012686,835.7598472,yes,1.839489453,21,6,140.0959978,0,0,NA,NA
300,27.19376506,743.476541,no,3.625410717,0,0,0,1,34.32110089,3,2
301,34.1855458,734.1362236,yes,5.606041658,151,50,810.7329856,3,76.35413613,1,1
302,38.59851301,658.6994212,yes,6.295337806,0,0,0,1,23.84008892,2,2
303,36.39244639,710.1425857,no,1.84847467,1,0,0,2,110.0054665,2,3
304,27.56496558,725.1540503,yes,12.93181905,147,41,749.0515144,0,0,3,1
305,42.01885893,704.3364486,yes,39.62992068,5,1,20.07299754,1,58.38469361,NA,NA
306,36.62092148,711.3699808,no,1.051071921,113,36,825.7140732,6,358.169345,NA,NA
307,33.78154903,713.8269641,yes,9.730986748,31,5,95.46349894,0,0,NA,NA
308,40.89436329,746.51258,yes,6.320110388,13,5,106.0631038,1,32.57064488,NA,NA
309,33.72990099,779.4223793,no,9.655509622,0,0,0,0,0,NA,NA
310,36.22740087,702.9103195,yes,15.17667438,2,0,0,0,0,3,2
311,40.2594041,739.3597615,yes,2.056981916,84,24,515.2948906,1,16.4099743,2,2
312,30.60419566,670.7173008,yes,23.08598871,40,12,197.6234947,0,0,4,3
313,34.68713218,800.9316973,yes,4.212398987,0,0,0,5,126.3660595,NA,NA
314,27.40343942,666.0266607,yes,16.18560738,1,1,22.23281997,0,0,3,2
315,33.85947018,629.8027405,yes,12.11840559,156,41,803.9177655,0,0,3,2
316,39.62376854,803.2098356,yes,8.214916554,0,0,0,0,0,2,2
317,31.92430368,681.8574747,yes,3.318135525,3,0,0,0,0,3,2
318,34.17489069,708.1021568,no,98.17734741,3,2,49.44367821,0,0,3,2
319,42.62548135,813.8338434,yes,17.67598069,2,1,20.76686881,1,35.34141912,3,3
320,28.00290723,671.9350721,yes,1.176103536,0,0,0,4,111.6427456,NA,NA
321,30.05083557,742.203872,yes,9.33249711,0,0,0,1,21.07595391,2,2
322,32.78505859,728.097946,yes,3.156867984,26,8,161.0926387,2,45.76100495,3,1
323,38.96942673,730.3043501,no,1.691483148,64,20,423.2180568,2,67.04415794,3,3
324,37.38202186,704.7745785,yes,6.231033809,10,2,41.83297436,0,0,2,1
325,38.04895075,829.5197728,no,2.038832976,2,0,0,2,36.73707086,4,5
326,44.06364723,712.0866253,yes,2.152173138,84,26,524.3938765,2,66.95158223,2,1
327,43.16988551,764.2346085,yes,2.953257732,6,1,25.30985856,1,42.2160974,4,3
328,31.30654105,733.3829054,yes,5.655398978,0,0,0,1,42.36636456,NA,NA
329,38.62620058,824.8916399,no,1.821306902,0,0,0,1,38.3637774,NA,NA
330,27.15182543,685.1853181,no,2.509944528,14,2,43.35053325,3,120.5912072,3,2
331,33.88920519,727.883694,yes,8.985657023,83,28,606.1793237,1,19.45497528,1,1
332,40.01252387,779.6649819,yes,21.87597039,10,5,99.73234102,0,0,2,1
333,43.81036705,689.0277842,yes,21.97814995,55,14,259.7427198,1,32.62382856,4,1
334,43.24837472,736.7813148,yes,5.352705769,8,1,14.72560355,0,0,4,3
335,42.39769502,752.3544673,yes,10.77217276,43,11,266.6500026,0,0,NA,NA
336,30.43422696,695.0583688,yes,3.501417777,186,52,1030.877431,4,133.5213044,2,2
337,32.52606864,676.4263635,yes,9.772898569,3,2,39.11602533,0,0,NA,NA
338,34.94455381,779.3112037,yes,59.48664764,2,1,18.42036848,0,0,3,1
339,35.33703958,666.0489822,no,4.214445065,0,0,0,3,74.4060728,3,2
340,39.97849657,712.3188655,yes,2.18117519,0,0,0,1,37.50877308,NA,NA
341,28.9700906,682.3124041,yes,10.13561722,5,1,22.89392672,0,0,3,1
342,36.19085649,657.0489174,yes,0.760951101,11,6,119.2680059,4,124.6028389,5,4
343,30.36480002,707.0782983,yes,36.12231273,0,0,0,1,25.03919513,3,3
344,36.81164714,765.766101,yes,8.977263202,12,4,72.70288667,2,91.73010747,NA,NA
345,27.68315207,788.8490861,yes,33.32285674,0,0,0,0,0,4,4
346,28.60125336,697.0144858,yes,36.13004779,0,0,0,0,0,4,2
347,26.17261356,755.1473792,yes,83.81408327,18,9,175.2370183,0,0,3,2
348,37.06131323,785.3151725,no,8.792307881,7,1,18.88678898,0,0,3,1
349,22.58662419,818.7168106,yes,11.67037679,180,50,970.0810087,3,133.1990888,NA,NA
350,31.09191931,672.4478212,no,1.008289641,14,4,94.9193728,2,71.36368553,3,3
351,36.86741582,700.6682156,yes,4.151178879,0,0,0,0,0,3,2
352,34.78980725,737.2126,yes,11.87878932,4,2,37.08178663,0,0,4,3
353,44.61299244,804.7157509,yes,99.45568791,2,1,24.17847357,1,22.26603643,NA,NA
354,35.68876692,677.8771926,yes,7.360905706,1,0,0,1,20.4298664,4,2
355,34.53547312,686.4918671,yes,26.47758586,0,0,0,0,0,NA,NA
356,41.11124443,712.1983207,yes,15.96735778,16,3,60.7331194,1,20.96979009,NA,NA
357,41.82126062,719.8775516,yes,11.85268548,18,7,139.3381231,0,0,NA,NA
358,42.28857349,774.9371654,yes,10.33821293,111,33,643.7057385,0,0,NA,NA
359,34.92922077,775.4401795,yes,15.23229935,19,3,53.791732,1,36.6824688,NA,NA
360,31.20884863,679.6341218,no,4.220518279,1,1,19.4593826,0,0,3,2
361,44.11393147,758.4784783,yes,0.863416328,44,14,265.2056013,5,163.7305079,5,4
362,36.05343046,695.3066832,no,18.97496372,4,0,0,0,0,3,2
363,33.02907657,669.39851,yes,7.186471338,10,3,56.13160647,1,23.9010902,3,2
364,28.53265654,773.0874193,yes,6.67135483,231,80,1755.6371,0,0,4,3
365,28.38542136,784.2230007,yes,3.773663567,152,34,596.6849838,0,0,2,1
366,31.24434577,805.937021,yes,20.82951007,29,9,161.2026413,1,49.93432477,3,4
367,33.76066342,717.213731,yes,16.31391045,44,12,259.578991,1,59.23647221,3,2
368,25.48569733,645.1877134,yes,3.269145593,102,32,586.0632611,2,38.98426462,4,4
369,38.77246218,701.2934844,yes,5.648457956,111,30,589.6671508,0,0,2,1
370,35.07091097,663.5787191,yes,6.105380334,10,3,63.01037092,0,0,NA,NA
371,40.48634584,686.270849,yes,4.566357105,4,4,82.75824055,0,0,NA,NA
372,36.78759923,683.2699373,yes,92.33189151,0,0,0,0,0,4,3
373,35.71572592,725.9123943,yes,22.14523278,6,3,61.38932989,0,0,3,3
374,32.76432098,730.3991196,yes,27.17854071,3,2,35.28102571,1,40.18659827,2,1
375,32.85436476,752.3193815,no,3.464557091,2,0,0,3,109.06716,2,1
376,32.56120854,616.692017,yes,7.230520185,0,0,0,0,0,3,2
377,25.73294581,756.3381272,yes,5.299156682,39,9,176.2167299,1,42.4467979,NA,NA
378,37.1606843,807.1258764,yes,3.385216681,0,0,0,0,0,NA,NA
379,30.8795298,718.2537399,yes,4.518057556,0,0,0,1,21.8591862,3,3
380,38.66986115,720.5026292,yes,2.854582538,3,0,0,1,35.91540032,2,2
381,36.00408642,838.1217133,yes,2.995235879,75,26,604.0061317,1,52.15393162,NA,NA
382,29.70389644,737.2950587,no,3.894534519,0,0,0,0,0,NA,NA
383,31.61737927,755.5475446,yes,1.870819693,0,0,0,3,116.0396303,NA,NA
384,36.77603956,759.4028399,yes,11.53375466,18,3,58.51468208,1,56.40250119,3,3
385,46.06908416,725.5026504,yes,0.476939222,7,4,82.80434091,7,249.7064414,2,1
386,32.95714181,721.3094851,yes,22.46135135,28,8,157.5117127,2,26.52926452,2,2
387,24.96632532,771.478298,no,14.73490068,0,0,0,2,50.75762564,NA,NA
388,37.34334188,779.2095025,yes,20.45531063,40,11,177.3536641,1,16.80133838,2,2
389,47.01022766,732.773979,no,3.238249787,13,3,60.27666599,1,39.25725334,NA,NA
390,39.18446722,701.3271099,yes,14.3177021,2,0,0,2,57.39134364,NA,NA
391,34.48105695,722.2215286,yes,11.57705035,0,0,0,0,0,2,2
392,33.14184154,800.3614107,yes,35.55002142,1,0,0,1,27.78124188,NA,NA
393,29.961941,751.2558514,yes,2.832274763,0,0,0,3,68.13852283,NA,NA
394,35.20588834,731.6986819,no,5.161734593,33,9,182.8573607,3,151.4257208,NA,NA
395,36.24855612,723.0323435,yes,52.1886408,30,9,153.3015911,0,0,4,3
396,24.35208359,734.9865935,no,7.036022543,2,1,23.91904366,4,219.0292094,3,3
397,38.80302637,722.4360942,yes,3.775505505,14,5,80.52663194,2,61.4217377,3,1
398,37.573464,739.5173443,no,3.06236019,86,22,544.7980549,0,0,NA,NA
399,38.51455736,808.7821906,yes,8.499784196,10,4,90.6049693,1,28.04974925,3,2
400,38.76212284,803.5701837,yes,25.06258943,0,0,0,0,0,NA,NA
401,36.14119872,783.2714975,yes,9.028659627,9,2,46.07943485,1,32.57292843,3,3
402,34.71507203,664.0719658,yes,4.426115539,0,0,0,3,73.22490589,4,3
403,31.34998072,668.472777,yes,2.967953562,10,4,74.9039374,2,76.42434905,3,2
404,31.31930384,699.1580749,yes,26.11475194,77,21,360.6668734,1,40.94840284,NA,NA
405,36.34684056,681.939204,yes,6.397336266,87,24,560.9451938,1,75.2866061,3,3
406,26.5286221,784.0150139,yes,4.737898914,86,25,527.9312963,1,36.49512053,NA,NA
407,37.18105371,756.9135394,yes,2.257969012,26,5,119.113077,4,210.2008223,3,2
408,28.95710113,821.2813448,yes,2.046860167,52,13,318.8935758,2,57.71784936,NA,NA
409,37.30171951,703.9174275,no,13.50445513,124,44,906.3742015,1,24.58501184,4,3
410,43.52715097,734.219827,no,4.212577493,5,1,16.97870055,4,134.3816673,NA,NA
411,36.66151672,743.1066983,yes,3.828116904,0,0,0,0,0,2,2
412,30.38188571,688.4906641,yes,3.232132327,3,1,21.96893123,4,232.1337323,4,1
413,38.78014321,705.9187724,yes,41.20850822,62,17,334.3595192,1,39.2327845,4,3
414,32.19466205,706.3177374,yes,4.15489323,11,6,134.4645055,2,95.60398498,4,4
415,45.17478128,747.2859373,yes,2.559707985,1,0,0,1,33.36771802,3,3
416,33.54229272,648.5359995,no,2.382907918,0,0,0,6,295.016753,3,2
417,36.35415318,753.4249421,yes,12.33842137,15,7,168.8961959,0,0,5,4
418,32.49938525,808.1666125,yes,5.209682556,16,4,70.41447018,2,33.97191385,4,3
419,34.22991924,729.0709214,no,5.52101933,1,0,0,4,178.7491541,NA,NA
420,29.13201703,724.5782847,yes,9.429389204,0,0,0,2,97.9097462,NA,NA
421,35.75858641,663.1013598,yes,3.000276731,8,2,39.00617219,3,52.56013691,3,2
422,31.23509068,696.1102348,yes,14.09480895,50,19,426.5788656,0,0,3,2
423,33.00556427,640.0952475,yes,15.21468497,266,90,2068.451947,1,21.3505728,3,1
424,41.88783832,739.6499924,yes,13.98057964,55,23,400.9890851,1,19.57215483,NA,NA
425,37.0067098,596.1919957,yes,5.00394149,24,5,96.39019463,0,0,3,3
426,32.53286706,708.6039613,yes,18.77619407,0,0,0,2,62.57663732,4,3
427,35.67563624,724.4480041,yes,9.997163426,5,1,15.91656354,1,37.95625537,NA,NA
428,31.55827598,742.622686,yes,44.77579476,1,0,0,0,0,3,2
429,33.99455356,754.6046234,yes,3.291877431,62,21,429.0541382,0,0,1,2
430,38.81585061,690.8572858,no,1.1734615,0,0,0,2,27.27711156,3,3
431,37.09095964,604.8679015,yes,14.96478472,0,0,0,2,56.68357995,NA,NA
432,19.34134057,653.7969869,yes,9.196051611,0,0,0,0,0,3,3
433,30.2549699,681.3470781,yes,2.768905576,0,0,0,1,41.54452635,3,1
434,36.79385296,751.0275616,yes,9.426381572,7,3,66.08897583,2,62.95312224,NA,NA
435,37.23577972,802.7265003,no,16.87682318,0,0,0,1,24.57790998,2,2
436,35.45227749,718.8422166,yes,1.296763672,15,5,106.6276653,2,36.65757324,NA,NA
437,36.6393382,774.5586251,yes,2.13187642,86,27,556.2218518,1,23.54271957,3,2
438,27.67474399,720.5281847,yes,43.04443649,26,8,147.9416634,0,0,3,3
439,31.05411843,800.103616,yes,4.164210316,41,9,156.3729848,1,45.12382266,4,3
440,36.31176511,743.0235412,yes,24.87876839,0,0,0,0,0,3,2
441,30.67011847,814.5134707,yes,5.844957615,0,0,0,2,73.24058799,5,4
442,28.95429851,701.7096783,yes,36.51034631,1,1,16.72061677,0,0,1,1
443,46.17733454,770.1810233,no,8.0437206,2,0,0,1,41.62162,NA,NA
444,38.32462763,710.2284097,no,48.69237161,48,12,233.8919371,0,0,2,2
445,36.68787075,779.4552122,yes,40.36256998,145,42,854.711955,0,0,3,2
446,44.92057093,649.7169481,yes,8.299775653,4,2,35.14526802,0,0,4,3
447,37.22789982,791.9696923,yes,25.37775369,28,6,130.4544685,0,0,3,1
448,36.42587507,744.0455135,yes,6.647015406,60,22,368.7107124,0,0,4,4
449,27.45854225,759.1097615,no,20.03262795,52,18,354.1007092,1,43.42569937,NA,NA
450,26.07646541,708.6463307,yes,0.516848511,2,1,18.35195959,3,88.95871745,3,4
451,32.01061759,688.7817305,yes,33.2035435,2,1,18.8865514,0,0,3,3
452,40.20777335,756.1040646,yes,22.84302759,42,11,213.8192878,1,22.03069705,3,3
453,34.01411342,728.645217,yes,7.130205853,12,4,84.44923621,0,0,4,3
454,42.1977196,676.7343912,yes,33.87257933,0,0,0,0,0,2,1
455,38.12022887,724.4282897,yes,46.2692292,27,8,149.9087599,0,0,NA,NA
456,36.56841984,724.7818752,yes,3.180119497,0,0,0,2,49.73551651,NA,NA
457,37.42722572,689.8689882,no,32.74422596,0,0,0,1,13.87032174,3,2
458,39.24050667,808.2746918,yes,37.39772088,0,0,0,1,22.05148314,3,2
459,28.69732397,757.9192392,yes,3.512360094,131,35,642.1900622,2,55.01288698,2,2
460,37.69249739,658.6772016,yes,50.40806034,115,31,602.6289121,2,113.8917614,NA,NA
461,30.99345633,727.5724557,yes,3.26940225,2,2,32.74607802,2,103.8606102,NA,NA
462,29.42242257,795.5977504,yes,22.04333675,7,1,19.98718414,0,0,NA,NA
463,31.19320295,721.5275894,yes,6.007181899,48,9,202.5963714,1,62.88044921,NA,NA
464,30.84209543,689.1385898,yes,3.931082775,114,27,573.9902001,4,128.9221663,NA,NA
465,37.73725193,804.1875838,yes,17.4243487,291,73,1613.030261,2,49.94978222,2,2
466,36.87000656,707.379823,yes,267.0863998,7,1,17.02277132,0,0,NA,NA
467,34.03364749,714.8847994,yes,1.11717387,99,25,515.9165962,6,169.1237586,4,4
468,38.5363281,742.5969296,yes,16.19413566,94,31,670.7764049,0,0,NA,NA
469,28.46625225,762.1061694,yes,0.371883118,2,1,24.36334588,6,196.0197419,NA,NA
470,32.04463694,741.585533,yes,8.322430061,10,2,42.42934762,0,0,4,2
471,37.99280534,678.3948651,no,4.419219013,0,0,0,2,42.60198296,3,3
472,29.16487723,649.3640631,yes,2.958810243,49,13,289.4402773,2,156.3673157,3,3
473,37.22690034,715.3731025,yes,7.304013855,2,0,0,2,77.78877072,NA,NA
474,35.34464435,731.767421,no,1.639905163,1,0,0,3,115.5547885,2,2
475,35.87084082,770.8870393,yes,24.09648005,1,0,0,1,19.14704316,3,3
476,34.56933272,560.3972012,yes,17.94846314,46,9,182.8940937,0,0,4,3
477,27.09123932,715.0712271,yes,17.74719452,0,0,0,0,0,NA,NA
478,35.50923142,819.6702481,yes,2.822288464,7,3,63.02925834,4,95.37806563,2,2
479,43.36869169,721.9683576,yes,4.088937996,12,4,82.94048809,3,68.03906608,NA,NA
480,31.4311803,729.3565283,yes,11.99187247,2,1,18.45673791,1,28.59428988,3,2
481,25.56975093,777.5042487,yes,17.31189849,2,1,21.09029851,2,62.52651031,3,2
482,46.86285388,733.3880556,yes,10.46511849,194,51,1066.688195,0,0,3,3
483,34.31819875,775.19252,yes,9.299460708,104,33,710.9075195,0,0,NA,NA
484,32.43712651,704.1989563,yes,11.0661909,12,3,51.32722501,1,26.29368981,3,2
485,36.62484756,632.7599374,yes,2.288906828,162,42,997.6939827,3,98.62618463,4,2
486,24.75156724,691.4784545,yes,16.66914734,0,0,0,1,45.81194304,3,2
487,36.60123103,765.3265417,yes,3.370207572,1,0,0,0,0,3,3
488,34.31587411,728.7089419,yes,1.83988207,1,0,0,1,38.66611217,1,1
489,32.20290191,704.1733236,yes,0.479618323,0,0,0,4,170.6114221,4,4
490,38.73663202,827.4249796,yes,89.28535605,4,1,19.52204117,0,0,5,4
491,38.87806736,697.7249423,yes,2.002013976,0,0,0,1,45.87547567,3,3
492,26.41285939,767.168436,yes,3.093340274,9,4,80.82273509,1,52.8542663,4,3
493,46.32518197,731.2846958,yes,10.301104,0,0,0,1,16.82514947,4,2
494,35.47094227,742.5069797,no,0.394670749,0,0,0,8,162.1543795,4,4
495,31.36794092,681.935803,yes,5.679276738,14,7,154.3040386,3,97.27905065,NA,NA
496,34.47818976,736.5080094,yes,26.9679128,14,3,77.36834306,0,0,1,1
497,30.92557106,718.5573064,yes,4.897922792,0,0,0,2,102.8948868,2,2
498,35.14171145,765.4804899,yes,5.992721986,18,3,74.44327808,0,0,4,3
499,26.83353105,698.2894268,yes,9.299045962,0,0,0,1,17.13757868,4,3
500,37.01031766,718.7836858,yes,3.31071516,14,4,84.85669105,0,0,NA,NA
501,43.50231332,765.2084261,yes,10.12437227,0,0,0,0,0,NA,NA
502,31.3350693,832.4029981,yes,11.02389205,1,0,0,1,22.75656213,4,3
503,32.73044952,718.6739353,yes,75.12117871,6,3,64.70794936,0,0,2,2
504,40.1024841,762.4094507,yes,112.5007268,9,1,23.32041111,1,29.65833699,4,3
505,35.02158372,740.6003824,no,50.10000696,0,0,0,0,0,3,3
506,34.58691444,747.8537345,yes,9.431987463,0,0,0,0,0,2,2
507,39.62523917,664.77032,no,6.904135568,0,0,0,0,0,4,2
508,27.15801125,671.0910129,yes,4.698945284,0,0,0,0,0,2,2
509,35.46432636,709.1361578,yes,3.419319116,15,7,140.9066013,0,0,3,2
510,39.28762153,792.9745521,no,3.010765022,2,0,0,1,24.85737638,NA,NA
511,36.11064156,714.7891065,no,2.780121511,11,1,19.66047435,0,0,NA,NA
512,30.01837894,749.734838,yes,4.017020624,58,21,468.674439,1,49.51796765,NA,NA
513,31.13301048,733.1315258,yes,2.976304009,4,3,66.18248527,7,186.3191789,NA,NA
514,39.51299993,788.241487,yes,16.34416118,3,0,0,1,23.25902186,4,2
515,40.31736782,823.6523076,yes,23.34454949,14,3,54.65273975,2,88.48944235,4,3
516,36.76690956,676.944729,yes,3.001079457,19,3,55.9752791,4,53.51134462,NA,NA
517,32.12615877,734.4275539,yes,1.467044651,7,4,63.61303663,7,278.0022896,2,2
518,36.85650956,670.5463546,yes,5.658010693,0,0,0,0,0,NA,NA
519,38.33560291,769.6107863,yes,9.948025824,1,0,0,0,0,2,2
520,32.97161687,745.2264068,yes,4.646864797,0,0,0,0,0,2,1
521,37.09395174,784.2260403,yes,11.48538107,68,23,402.7243131,0,0,NA,NA
522,36.62153416,811.5559695,yes,18.87421319,2,0,0,1,33.55488494,NA,NA
523,37.82517116,779.4506237,yes,22.92018842,0,0,0,0,0,NA,NA
524,37.67527391,754.6438986,yes,8.305806182,1,1,26.3226296,1,38.51173324,3,2
525,40.74292027,768.9824774,yes,3.202901842,25,9,228.1572641,1,41.38650078,4,3
526,40.031525,739.5495193,yes,5.516894531,4,0,0,2,75.02506542,NA,NA
527,33.51631766,743.0402849,yes,24.71547419,31,3,55.27516221,0,0,NA,NA
528,35.50640368,742.0794084,yes,55.02015693,3,1,19.11351106,0,0,4,2
529,42.45010687,785.6945797,yes,37.16002927,37,11,269.1562595,1,30.8179709,4,3
530,27.61465855,621.1263057,yes,9.836720664,15,5,95.21258699,1,16.99106552,4,4
531,37.07837929,577.0637184,yes,5.490875449,0,0,0,3,146.0843946,2,1
532,40.48955397,737.2825677,yes,9.442006434,40,9,170.2491753,2,63.36696405,NA,NA
533,35.82740267,671.1578134,yes,6.280819648,6,0,0,0,0,3,3
534,31.72725654,712.1365711,no,133.446229,50,15,292.2472217,0,0,NA,NA
535,24.26949266,714.4619916,no,53.87664371,2,1,21.09831278,0,0,4,3
536,38.62558077,706.2051522,yes,11.6360634,108,27,590.7824589,0,0,4,3
537,27.82756109,684.4691578,yes,1.818918142,0,0,0,3,47.86973282,5,3
538,34.46402008,762.5616493,yes,2.116472373,1,0,0,4,88.86080489,3,1
539,38.85493395,739.5030581,yes,5.071250685,4,1,20.21487973,5,126.4978591,NA,NA
540,31.61455055,698.5233224,yes,9.974873898,49,16,312.1741035,0,0,3,3
541,39.85413933,675.617812,yes,16.46866408,2,1,19.62773999,0,0,NA,NA
542,31.95541106,717.6351728,yes,3.855675711,58,14,273.7197285,2,60.86412812,3,2
543,35.2854553,791.4171904,yes,1.106794784,24,8,146.5554099,5,146.8722519,2,2
544,32.24882058,688.9201055,no,4.473284049,12,5,93.37221185,5,264.0965194,3,2
545,44.36044679,752.2291484,yes,3.692438037,0,0,0,2,44.07177265,3,2
546,42.18898868,730.9247526,yes,0.648026424,9,5,96.89964441,0,0,NA,NA
547,33.7769543,761.6299697,yes,33.68039439,0,0,0,0,0,NA,NA
548,33.35989052,700.6511069,yes,7.880893226,0,0,0,1,17.14270349,NA,NA
549,43.66821451,726.6075574,no,43.06339435,0,0,0,0,0,NA,NA
550,36.24507802,684.6613382,no,1.391274759,0,0,0,11,269.0260436,4,2
551,34.27256756,696.0259784,yes,28.06284629,4,1,21.35154295,1,27.31150481,4,4
552,34.62119156,604.4999182,yes,2.630970323,0,0,0,1,25.27676592,3,4
553,41.64196555,699.8625253,no,5.602537911,0,0,0,3,51.95283102,NA,NA
554,32.23149552,708.9028274,yes,10.42224021,0,0,0,1,38.0161796,2,1
555,37.1850905,758.9963224,yes,2.513702096,1,0,0,2,72.28331746,2,3
556,30.25413414,776.6965957,no,3.348658747,35,8,152.7597307,2,61.98613144,2,1
557,34.55782659,691.0877979,yes,6.313648623,5,2,52.38458337,0,0,5,4
558,31.46972756,696.5779081,yes,3.25683989,2,1,19.21365703,1,81.51756516,4,3
559,45.35513202,809.0781448,yes,19.97933739,0,0,0,1,43.52617253,2,2
560,32.80349218,687.4390561,yes,2.225866413,61,17,360.1434478,3,51.12929833,3,3
561,36.72597958,665.1568552,yes,12.56253748,65,19,362.7127256,3,56.78349719,4,3
562,37.65403544,747.9940319,yes,2.425922255,0,0,0,0,0,NA,NA
563,35.05327957,765.2456939,yes,5.890915383,95,21,392.6880235,1,17.45601515,NA,NA
564,40.90899065,707.3190799,yes,11.48950786,1,0,0,0,0,3,2
565,37.1287293,709.8975364,no,45.31148678,48,15,285.0933792,1,66.03869618,4,1
566,32.20497087,704.4427501,yes,5.40723263,42,13,265.2418569,1,35.37025591,3,2
567,39.84805656,781.7708285,yes,5.82340316,0,0,0,2,88.10463506,4,4
568,36.29198302,747.7014367,yes,29.61933633,8,3,60.44926686,0,0,3,2
569,39.73274559,803.5897423,yes,0.928457085,12,2,35.20978925,4,253.6521998,NA,NA
570,40.56499729,697.0738591,yes,3.288730378,1,0,0,2,29.06984926,NA,NA
571,29.52058312,673.18201,yes,12.15248307,4,1,22.60117392,1,40.6131998,3,3
572,28.3951816,685.5866783,no,13.28518607,0,0,0,0,0,4,2
573,35.17234843,835.4907854,yes,1.704413145,97,32,626.6966571,1,48.49327469,4,3
574,39.16971663,734.9190228,yes,16.65793782,72,24,469.6397646,2,67.08282699,NA,NA
575,33.23320569,689.7612721,yes,38.33469313,100,33,652.490387,1,22.13540727,3,3
576,32.3245264,725.5776688,yes,140.5878174,22,6,88.71597683,0,0,NA,NA
577,38.5324883,745.2518349,yes,8.082768383,0,0,0,1,19.05090538,3,1
578,33.11517735,723.5574806,yes,2.656862144,62,18,388.0363932,3,61.11541383,2,2
579,34.5006575,692.8684448,yes,48.14219998,6,1,20.63990312,0,0,3,1
580,34.56196259,676.4150807,yes,4.767565637,40,17,405.3758696,1,25.24388892,NA,NA
581,34.01816044,649.9001466,yes,1.653308976,25,6,123.6425127,1,50.74966257,3,3
582,37.33412201,765.9938615,no,1.155846866,0,0,0,2,54.25462365,NA,NA
583,31.89351443,716.6682708,yes,132.6739193,0,0,0,0,0,3,2
584,39.05075835,782.9371942,yes,2.050705369,14,4,84.66985062,0,0,3,3
585,34.18000829,758.6501302,yes,7.197043617,0,0,0,0,0,4,2
586,30.76837041,694.814016,yes,3.089355668,0,0,0,1,37.18007633,NA,NA
587,30.36899268,671.6746803,no,14.32886872,0,0,0,0,0,3,3
588,38.6781951,707.6227113,yes,4.924932135,1,0,0,2,141.2655345,1,2
589,37.87930462,648.283426,yes,13.18974976,4,2,41.18763688,3,66.93299677,3,2
590,30.31441997,727.5535015,yes,9.887426931,0,0,0,1,24.84729021,NA,NA
591,33.28970423,652.5200701,yes,17.94067136,110,30,605.8455391,0,0,3,1
592,37.25257816,725.222836,yes,21.57898856,2,0,0,0,0,NA,NA
593,37.9255145,749.8120015,yes,55.57755161,1,0,0,0,0,3,3
594,32.35964349,648.3221386,yes,29.29002951,4,1,20.85645099,0,0,NA,NA
595,37.48574553,724.754417,no,0.56279447,23,8,170.9705195,1,40.38375165,NA,NA
596,34.22164809,773.0953849,yes,0.213601572,11,2,44.2842803,7,419.1076258,4,3
597,36.77467689,728.6013047,yes,28.21781938,85,28,511.7671951,1,12.51813059,3,3
598,28.44043411,694.7436043,yes,32.72801153,17,6,119.9863835,0,0,NA,NA
599,29.05000953,707.661092,yes,7.755695886,138,44,1035.741615,0,0,NA,NA
600,31.01725094,729.6782058,yes,32.64903195,109,35,694.2947574,2,66.34146672,NA,NA
601,36.05412196,728.5238495,yes,1.530071725,0,0,0,5,163.4958863,3,2
602,23.17197872,616.803798,yes,38.1634524,28,8,153.6828604,0,0,4,3
603,32.87573943,679.2151674,yes,12.37118517,27,9,182.1237566,0,0,4,3
604,34.87566336,735.590994,yes,4.76437234,5,3,69.23479923,1,26.15346877,2,3
605,37.17522256,746.0881026,yes,23.9933062,0,0,0,0,0,NA,NA
606,32.56486308,778.6817923,yes,29.04883691,100,21,417.8359501,0,0,4,5
607,32.41280612,732.1771091,yes,4.906957194,0,0,0,0,0,NA,NA
608,30.16611903,711.0232741,yes,3.828798848,65,21,481.4637902,4,234.9067699,NA,NA
609,29.44228696,644.4478784,yes,12.88571941,9,4,77.11595497,1,41.4112945,3,3
610,31.82922518,746.5387898,yes,18.16269249,93,28,657.4978703,1,19.42075999,3,3
611,29.7521826,758.0562315,yes,6.238483907,2,0,0,1,51.35396765,4,3
612,31.36739296,676.4856463,yes,0.989628115,0,0,0,2,71.25985221,NA,NA
613,41.97682832,764.0833105,yes,2.294475571,95,21,372.1424812,0,0,NA,NA
614,30.77778494,778.3504231,yes,2.063641415,0,0,0,2,41.99818215,3,2
615,28.31132605,695.0646185,yes,8.546422356,606,169,3593.034623,0,0,NA,NA
616,40.67881844,764.7708133,yes,0.857259896,0,0,0,11,353.2229479,NA,NA
617,38.75481719,680.8453327,yes,3.448468237,0,0,0,0,0,NA,NA
618,41.43308422,704.9093438,yes,9.026403304,2,2,41.14557344,1,20.91252408,3,2
619,38.89372218,789.7247923,no,1.106081323,7,1,18.20566325,4,153.7609463,3,3
620,30.31767357,698.8191759,yes,9.298424045,31,9,186.1861384,0,0,NA,NA
621,37.21645706,631.9586469,yes,12.99176238,108,34,806.7831569,0,0,NA,NA
622,33.11666005,725.6611205,no,2.488389122,111,30,639.6126466,2,62.64928126,3,2
623,36.75320769,750.0673751,yes,8.792716416,0,0,0,2,71.02988451,4,3
624,41.95086496,769.220057,yes,16.01406932,0,0,0,0,0,NA,NA
625,36.68217411,832.6406427,yes,3.327637379,4,3,60.59723642,1,44.94389376,2,2
626,38.18899503,711.0491223,yes,1.569776933,530,157,3200.47535,2,44.96483043,NA,NA
627,40.21953927,732.4571805,yes,20.75943575,31,14,269.0761181,1,34.05637978,5,3
628,34.25583615,677.9793555,yes,14.74269043,73,20,452.7603358,1,15.16051972,4,3
629,27.76090776,688.0525879,yes,5.533723026,56,21,489.4321335,0,0,4,4
630,41.0610862,782.9217223,no,4.423887945,0,0,0,1,31.52441833,2,2
631,28.46553717,709.032684,yes,4.74857409,33,11,265.5276206,1,54.00024174,3,3
632,40.03182614,792.4876113,no,1.031086956,6,2,42.12560428,3,82.30979479,NA,NA
633,31.14415814,795.1556297,yes,38.04470783,2,1,21.06869289,0,0,NA,NA
634,42.96778306,716.9292179,yes,4.198571319,58,15,339.5434963,2,104.1985365,NA,NA
635,35.10576459,783.5227128,yes,16.33319148,14,6,127.917531,0,0,3,3
636,31.46531768,739.392051,yes,0.845377532,78,27,571.0742423,2,59.99693161,NA,NA
637,31.53644051,750.8439706,yes,1.691264768,52,9,187.4048968,2,53.06417892,NA,NA
638,38.43908173,735.6135751,no,4.569174612,2,0,0,4,167.1455873,NA,NA
639,23.46203237,708.8882441,yes,4.635940383,15,6,112.7275899,1,59.59980828,4,3
640,43.32430486,749.442997,yes,3.747226763,6,2,42.0405841,3,100.6674782,NA,NA
641,32.67607451,657.0668099,yes,83.71797889,0,0,0,1,21.38995668,3,2
642,35.48286669,815.847393,yes,1.035762106,9,2,37.25973485,2,82.13694467,2,2
643,42.63702682,689.9059001,yes,4.767606988,27,7,119.9467799,4,116.2450922,2,2
644,25.54209087,673.2753839,yes,0.41009369,54,18,323.8829903,6,327.582663,4,3
645,32.3143033,706.3187814,yes,14.45262682,44,13,240.375492,0,0,1,1
646,30.17809356,722.5878762,no,3.977986301,3,1,17.19942828,1,37.43004206,2,3
647,29.61869196,643.1498395,no,1.759481541,0,0,0,5,103.8975384,NA,NA
648,32.11292773,655.0164167,no,4.379824059,2,1,21.86521546,1,24.82209534,NA,NA
649,29.01791183,752.9841401,no,15.73731242,0,0,0,1,23.3992686,4,4
650,40.96804225,748.3778347,yes,3.693398595,17,2,37.96669558,1,37.28583637,3,2
651,32.86962537,751.0121324,yes,24.67305611,0,0,0,0,0,1,1
652,28.34747275,616.220052,yes,10.42909551,6,2,37.50140439,1,15.69763439,3,2
653,36.20596799,564.5625138,yes,12.82910023,185,54,1108.913795,0,0,3,4
654,38.12843088,616.7510905,yes,4.896589728,12,2,35.08836188,1,50.40095747,NA,NA
655,35.55676148,785.0467396,yes,5.062147385,95,22,471.5687419,1,43.42652661,NA,NA
656,30.24515999,758.3001111,yes,32.22770861,3,1,18.06665913,0,0,NA,NA
657,38.91831671,793.1606826,yes,16.16848128,3,1,22.67770114,2,111.6638266,3,3
658,37.49598722,749.0194122,yes,22.65618832,0,0,0,0,0,2,2
659,28.44093258,774.1163375,yes,2.999637808,9,1,18.41235874,1,39.48961344,2,3
660,32.95270666,750.3877916,no,33.95496955,6,1,20.81054142,1,40.6189005,3,2
661,22.13480038,661.9814164,yes,85.36660477,40,11,218.5119179,0,0,4,3
662,31.51326121,720.442745,yes,16.66162682,119,33,681.8136755,0,0,3,1
663,31.93543021,721.0300062,yes,5.566003634,132,47,995.1175058,0,0,3,1
664,35.39588478,781.0180976,yes,5.275501882,25,3,61.8474871,1,35.45564102,3,2
665,42.45078551,821.0667016,yes,21.31618971,0,0,0,1,45.92226053,NA,NA
666,40.22867719,717.4632164,yes,12.54549024,5,1,16.78707158,0,0,2,2
667,22.64567965,713.5664816,yes,3.483560089,11,3,71.04138801,2,61.25644398,3,3
668,35.23680572,654.5207857,no,11.3787578,0,0,0,1,25.97754138,3,2
669,41.2795758,829.092772,yes,10.11073507,0,0,0,1,26.16855067,NA,NA
670,38.44344611,699.3501964,yes,3.33835726,136,38,847.5076925,0,0,NA,NA
671,38.01768311,778.58949,yes,8.276710296,11,5,108.5159916,1,61.33268097,4,3
672,26.89019106,693.3372495,yes,1.650761373,16,6,128.6684602,1,24.33506061,3,2
673,36.77021929,714.0313626,no,3.966369081,5,2,36.75142823,2,34.55652145,1,1
674,29.31526924,620.497721,yes,2.131527891,6,1,18.18324585,2,80.22935902,NA,NA
675,42.96835479,721.8948372,yes,38.2524377,6,2,35.71395147,0,0,3,3
676,40.08766618,737.8024418,yes,2.368866521,0,0,0,1,32.89522746,NA,NA
677,35.90412366,688.69966,yes,17.84679581,1,0,0,1,34.82176427,NA,NA
678,41.09098464,764.9503639,yes,8.067498511,0,0,0,4,170.9895647,3,2
679,38.37019175,770.6851219,yes,8.262505761,0,0,0,0,0,NA,NA
680,25.8024983,626.1473171,yes,11.33545702,5,3,61.78871499,0,0,4,3
681,32.31071422,628.5378275,yes,57.91614698,64,16,302.187301,0,0,3,1
682,31.93278297,717.7699262,yes,6.73609898,0,0,0,0,0,3,4
683,36.40598668,734.3947349,yes,2.165763083,12,7,160.1743912,1,53.95928165,5,4
684,36.65724771,695.6063061,yes,3.277538937,66,15,269.7275615,3,75.75700184,3,2
685,30.89569479,680.929253,yes,32.70922846,2,1,19.14383917,0,0,NA,NA
686,42.50785377,803.5617885,yes,3.923300802,20,7,122.7233207,2,42.51798388,NA,NA
687,33.79512153,749.1907879,yes,2.907247707,15,5,105.1128337,2,73.14859031,4,3
688,27.6276697,630.5280606,yes,13.97342087,1,0,0,1,52.92252796,4,3
689,35.81695055,774.1532067,yes,79.90505169,7,1,18.20792189,1,37.75294152,NA,NA
690,38.56327895,807.1108509,yes,0.432224242,3,0,0,1,28.5524892,NA,NA
691,39.49108274,735.3799515,yes,19.70770103,2,1,18.75908592,1,41.02195945,NA,NA
692,24.25987706,711.6653618,no,18.35500744,16,5,98.39431725,1,45.46556111,2,2
693,25.88837349,795.7107483,yes,9.194085983,131,34,591.0312566,1,19.13768437,NA,NA
694,32.9258377,734.1025461,yes,18.28238784,0,0,0,0,0,NA,NA
695,34.09791038,746.500557,yes,7.738132891,118,40,641.7425282,1,39.98813862,2,2
696,33.07914853,711.1701357,yes,159.4442649,28,4,84.69885608,1,37.0844407,NA,NA
697,34.70023646,713.2191908,yes,7.03178043,59,22,512.708317,1,18.11221126,3,3
698,44.42719871,675.2292223,yes,1.012382694,42,9,171.932814,5,101.6161706,NA,NA
699,35.75010842,706.7331221,yes,7.675388416,1,0,0,0,0,4,3
700,35.3006124,688.2737101,no,3.511185778,4,2,38.24081036,3,97.35450443,3,1
701,39.39895434,723.6421698,no,1.074857231,23,7,160.0961802,7,286.9391656,NA,NA
702,30.14278507,627.3737307,yes,28.54195055,24,9,196.6995229,0,0,3,2
703,31.29759212,725.1798078,no,23.7226749,0,0,0,2,73.99544165,2,1
704,36.03370463,662.1563801,yes,30.40657357,0,0,0,0,0,2,1
705,34.28954082,702.7094239,no,3.941521697,6,1,20.7067721,2,68.92760931,4,3
706,38.09177524,670.539384,yes,58.44724426,0,0,0,2,76.90226443,2,1
707,39.34884822,744.8579823,yes,13.52697228,97,25,470.8449135,1,38.81307815,2,2
708,34.33370793,796.5052424,yes,9.103251861,35,16,324.8428612,3,110.5500404,2,1
709,39.89770529,806.052394,yes,1.064637562,143,38,589.499861,0,0,3,3
710,25.9734361,731.4807171,yes,1.165733314,26,7,150.849135,6,261.2671223,4,3
711,30.32125978,736.3415992,yes,1.37197133,0,0,0,10,268.6085649,2,1
712,28.61212123,711.9092736,yes,1.068148793,0,0,0,3,121.8396215,1,1
713,33.84680284,707.9062642,yes,6.923007691,0,0,0,2,88.29465531,5,3
714,31.25923759,744.0565983,yes,2.603378132,3,1,22.60257389,1,25.74858238,NA,NA
715,28.77459952,750.3266056,yes,10.47100019,99,32,666.8224903,2,84.929743,3,3
716,30.29889928,700.5086686,yes,10.9240641,0,0,0,0,0,5,4
717,37.55676606,719.2342916,yes,8.097647107,50,14,313.6623546,0,0,3,3
718,45.25308485,734.7884355,yes,74.14843962,3,1,19.38255878,0,0,3,3
719,35.42245194,685.1917793,yes,10.33892196,3,0,0,1,26.95271847,NA,NA
720,38.21998057,824.1948178,yes,3.611403759,0,0,0,2,103.2877048,3,3
721,36.78442827,665.8113901,yes,6.655162526,0,0,0,1,36.94149374,NA,NA
722,39.69702848,716.4079521,no,5.883389548,1,0,0,1,29.39308487,NA,NA
723,31.33055088,761.8270422,yes,45.30658865,0,0,0,0,0,NA,NA
724,34.49148798,880.7588825,yes,4.464251466,1,0,0,3,155.8456722,4,2
725,28.20917557,749.2661696,yes,0.80941148,48,12,258.7185533,5,90.22818296,3,3
726,37.06643769,648.1783406,yes,2.20554907,0,0,0,0,0,3,3
727,35.73611561,724.8628817,yes,25.24780608,95,36,691.1330441,1,47.55527259,3,2
728,29.24222697,688.002327,yes,6.508074929,12,6,115.7805698,1,30.25196016,NA,NA
729,37.66189612,750.2624631,yes,17.14124326,0,0,0,0,0,4,3
730,34.13623551,769.5017171,yes,22.22242369,1,0,0,1,39.97547185,NA,NA
731,36.67392398,732.3806861,no,4.94760277,21,5,113.9336845,3,45.66354025,2,2
732,41.62552047,799.633628,yes,22.3078746,3,0,0,1,12.30727674,NA,NA
733,34.26462694,667.4025083,no,10.06849825,8,4,87.91508673,0,0,4,2
734,30.65302462,743.7770634,yes,21.11069602,31,11,240.6406323,0,0,NA,NA
735,38.52644307,751.973867,yes,1.457775888,2,0,0,2,61.35037483,3,2
736,24.46912615,739.8396071,yes,9.510469842,11,4,84.67876547,0,0,4,2
737,30.09660195,677.7777992,no,2.486011436,0,0,0,1,39.48885284,NA,NA
738,33.83259472,686.9872903,yes,1.652378487,53,14,262.2653011,0,0,4,3
739,33.99493218,657.2386313,yes,57.07193808,153,46,987.2011191,0,0,3,2
740,34.1532056,717.7271264,no,13.94352979,56,18,400.3118877,1,41.46284232,3,3
741,42.41692999,727.7256481,yes,9.735568168,0,0,0,1,56.9346715,NA,NA
742,29.26308166,699.0738656,no,21.2427702,1,0,0,0,0,4,2
743,28.03077905,695.6088573,yes,6.546203018,328,103,1852.586135,1,13.83452899,2,3
744,31.05112564,682.5454756,no,19.13980001,0,0,0,0,0,NA,NA
745,43.55694657,838.7264813,yes,2.723340688,3,1,17.5330589,3,89.93550844,2,2
746,27.11467681,711.321267,no,20.14279069,139,45,910.6503003,1,21.39411929,5,4
747,27.91359294,658.2673896,yes,6.19012416,108,38,768.7349416,2,70.18667658,3,2
748,30.4451665,746.2115516,yes,0.55607656,0,0,0,3,298.4533428,4,4
749,34.38635212,810.7969791,yes,2.235850231,40,9,188.1217662,4,88.16190611,1,1
750,34.89032268,682.0522288,yes,4.48908638,8,3,54.49484721,2,105.6944001,2,1
751,38.71820713,758.617247,yes,0.994388287,4,3,61.71616685,4,187.3358395,3,2
752,33.29725906,645.7884339,no,2.754634185,1,0,0,1,16.81040899,2,2
753,39.0103408,732.901603,no,4.963666133,22,4,76.83557511,0,0,2,1
754,38.05844002,758.1844028,yes,3.054384509,0,0,0,1,30.8602012,NA,NA
755,26.14179976,678.6127781,yes,34.27091487,14,2,36.2091386,0,0,NA,NA
756,40.09936463,622.5782748,yes,27.68810902,113,26,495.2121854,0,0,4,3
757,35.91098544,633.2902542,yes,4.399992399,29,10,242.6457956,3,167.40466,NA,NA
758,42.05272853,734.395625,no,38.30806115,1,1,17.51595905,0,0,4,2
759,48.5618231,721.1989615,yes,10.48876027,3,2,40.46869278,0,0,NA,NA
760,37.79847897,711.7069962,yes,17.06919317,7,1,19.04648973,1,26.85755266,NA,NA
761,32.09443653,702.9459462,yes,11.95632056,93,25,546.8226539,0,0,NA,NA
762,35.40398184,774.3992139,yes,9.934269853,11,5,117.6706684,2,79.9988104,NA,NA
763,32.67342961,764.5469412,yes,11.33520349,0,0,0,0,0,2,2
764,41.61921565,748.2128299,yes,23.86968051,42,24,516.7387719,0,0,NA,NA
765,36.26940976,804.0929351,no,17.24601061,29,9,186.3676551,0,0,4,2
766,34.06778698,748.0241901,yes,3.211271424,3,1,19.79508433,2,78.63712408,2,1
767,42.43853072,732.819194,no,1.956122226,3,2,34.22267847,2,126.3429431,3,2
768,30.33147205,765.3526515,yes,13.98622827,3,1,22.60498271,0,0,3,1
769,36.53250644,748.6392426,yes,2.062266598,378,127,2087.217179,0,0,NA,NA
770,29.09375959,806.6427653,yes,3.555149141,30,8,164.4926118,3,131.9084807,2,2
771,36.32922185,754.7271121,yes,2.739063759,0,0,0,1,27.12673512,3,2
772,29.16874967,637.3754287,yes,11.02414538,85,24,445.3925689,1,16.77798882,3,2
773,34.78033323,667.8888393,yes,6.437376926,18,3,73.91428064,0,0,3,2
774,30.04661945,675.7363286,yes,7.341376679,0,0,0,1,52.7747157,3,2
775,31.24612676,681.7248113,yes,1.612374875,130,29,587.1389579,2,35.38121728,3,1
776,45.18916117,701.0897466,yes,4.897195102,73,21,413.50189,2,60.40940673,4,2
777,37.48534016,736.3333805,yes,9.895570923,12,4,73.99424164,0,0,2,1
778,31.7185913,754.1497792,yes,6.908761197,0,0,0,2,33.64806386,4,3
779,35.87122804,736.3529651,yes,8.1926442,2,0,0,0,0,NA,NA
780,39.08471095,710.8243629,yes,11.37280879,0,0,0,2,90.02645523,3,3
781,31.25423112,690.6448343,yes,6.545506946,181,59,1221.477513,1,84.1858798,4,2
782,37.2762841,796.8449125,yes,5.75583416,0,0,0,0,0,3,2
783,30.34105507,628.4790383,yes,8.674122553,27,5,110.3779089,1,21.47979941,NA,NA
784,39.79162349,834.041641,yes,2.932272281,1,0,0,3,79.1186765,NA,NA
785,45.45560943,834.7873492,no,3.323822819,16,7,139.6959541,1,36.73644397,NA,NA
786,33.93914455,684.2174532,yes,3.713065424,25,3,67.63318922,0,0,2,2
787,32.58328549,725.6994792,yes,58.09114004,217,65,1570.937362,0,0,NA,NA
788,36.41653144,772.3979624,yes,2.752040521,42,7,138.6359397,1,30.56257479,3,3
789,30.93314344,695.7806528,yes,12.61382704,0,0,0,0,0,3,2
790,46.03809932,817.4711387,yes,3.327476345,0,0,0,1,25.26308474,2,1
791,39.62975928,704.8218933,yes,36.23587608,6,2,40.8987637,0,0,NA,NA
792,30.21794029,725.4121931,yes,31.72801962,62,21,409.9144264,2,73.46548659,3,2
793,40.07288661,740.8323356,yes,12.14002551,0,0,0,1,39.82776566,3,4
794,36.37333336,705.1325628,yes,17.28945989,0,0,0,0,0,3,3
795,36.75369386,754.3296362,no,0.861983558,0,0,0,3,62.71530388,NA,NA
796,31.9326316,737.0571331,yes,3.244550648,0,0,0,2,65.85007792,3,2
797,29.55244921,685.6955779,yes,20.51401901,19,9,167.8757163,0,0,2,2
798,25.56416257,593.8048461,yes,4.741024222,15,6,112.0835164,2,66.43012275,NA,NA
799,38.32028753,710.4132728,yes,31.5416461,0,0,0,0,0,NA,NA
800,31.47210594,669.8512474,yes,5.478799936,0,0,0,2,38.86492419,NA,NA
801,33.48292642,733.891461,yes,15.8556908,123,38,658.0276324,1,56.14147645,3,1
802,35.10269534,669.2652666,no,24.37351639,37,12,212.8988893,1,109.5613095,NA,NA
803,36.69320364,729.1870507,no,1.041944753,0,0,0,5,110.3419995,5,3
804,41.77708163,750.1856926,yes,3.621288203,0,0,0,3,111.5411103,3,3
805,40.09016719,803.9789198,no,2.133252023,4,0,0,1,58.09177001,NA,NA
806,41.24138335,725.0085064,yes,4.351921324,2,1,22.29938482,2,78.62271699,3,2
807,46.4787979,720.5519678,yes,28.0535453,6,1,18.10300793,0,0,NA,NA
808,43.12911115,744.233048,yes,1.023036172,0,0,0,3,116.3441295,NA,NA
809,42.2801752,708.21526,no,13.57000924,0,0,0,0,0,4,2
810,37.832511,714.0081306,no,9.769973688,31,15,290.2724381,1,39.46107492,NA,NA
811,34.30096585,743.484975,no,2.006140092,8,0,0,4,266.0615144,NA,NA
812,41.51611113,745.6848585,yes,12.8734487,72,23,437.543862,2,31.03531995,4,3
813,39.28328466,751.7271711,yes,3.624354717,5,3,65.86870949,2,91.492215,NA,NA
814,29.14148284,665.328659,yes,11.54322846,145,46,810.8375155,0,0,3,3
815,30.96565212,714.1108506,no,24.3198507,0,0,0,0,0,4,4
816,39.60675508,816.3667239,yes,5.65870306,0,0,0,0,0,3,2
817,37.23043333,798.7998821,yes,17.60031286,315,94,2213.037199,0,0,NA,NA
818,40.69443355,705.9148147,yes,1.079241107,1,0,0,1,43.5259885,NA,NA
819,37.18403476,783.8994168,yes,1.083526295,0,0,0,0,0,NA,NA
820,33.44239747,710.6492481,yes,2.107078905,59,11,219.032832,4,124.5771832,4,3
821,43.85226137,777.6731096,yes,29.06533808,1,0,0,0,0,4,3
822,34.45178257,788.2054971,yes,8.182047001,18,7,134.0136681,0,0,2,1
823,29.96242755,687.670878,yes,16.90356805,19,7,139.3394726,2,68.31311158,2,2
824,28.42070868,718.3421715,yes,19.06142561,161,51,1100.854968,0,0,3,2
825,35.08378131,681.2660893,yes,1.547373611,18,8,174.1166665,0,0,NA,NA
826,33.00610306,770.5779165,yes,6.097352629,87,30,618.9516351,1,52.36998805,4,3
827,35.25916053,754.3487188,no,7.251918572,5,1,17.12614566,0,0,4,2
828,37.13316237,732.077507,yes,19.49695853,52,17,336.9829902,0,0,NA,NA
829,32.08645969,644.1300317,yes,4.950358462,3,1,21.67865546,1,30.80106515,NA,NA
830,33.58063901,656.2061491,yes,0.964116379,1,1,18.97923503,1,58.00062892,NA,NA
831,38.74690268,671.8499315,yes,4.92415909,0,0,0,3,50.06015458,NA,NA
832,39.58588185,694.6218415,yes,19.43765671,84,40,660.0446168,0,0,5,4
833,40.7040163,709.8386467,yes,4.508913101,84,28,627.7576151,1,31.76431593,NA,NA
834,35.32962844,736.0772062,no,4.078015229,2,1,19.31666219,0,0,3,3
835,33.1986399,688.3708004,yes,8.251000226,167,39,709.7710063,0,0,NA,NA
836,33.97385337,762.6100809,yes,7.933823253,0,0,0,1,28.76167223,4,2
837,35.58356069,682.0229553,yes,25.01029969,35,9,179.4910946,0,0,3,1
838,27.58672258,753.0377546,yes,12.07998115,53,16,299.3438065,2,55.64390725,NA,NA
839,31.89560277,751.599424,yes,24.72042565,241,71,1305.270778,1,32.19813297,2,2
840,38.29730578,711.022123,yes,5.189919129,24,6,141.2554322,1,42.31724745,NA,NA
841,30.72313825,766.3956698,yes,5.872107715,2,1,21.15476985,1,27.9071207,2,2
842,36.1610602,674.0391616,yes,7.771565998,139,38,950.0815195,3,73.69224468,4,4
843,26.86578784,806.5498653,yes,11.98647897,26,11,238.5892056,1,27.85133597,5,3
844,40.13267915,756.5643918,no,2.127767755,0,0,0,0,0,3,3
845,36.93014214,835.2220686,yes,6.585929667,75,33,713.3130318,1,57.69887996,2,2
846,27.04828286,654.374456,yes,29.19514496,0,0,0,0,0,2,3
847,35.57428668,751.8926911,yes,7.075524694,0,0,0,0,0,3,2
848,40.89677948,750.8208156,no,5.983774764,0,0,0,1,32.03639682,NA,NA
849,35.77924487,688.0382829,yes,13.98789162,0,0,0,1,39.83056355,3,2
850,39.75636976,665.8340741,yes,6.634923973,8,3,56.99646528,2,62.84659624,NA,NA
851,29.72108449,599.3451544,yes,10.13985619,3,2,37.32386302,2,89.47836266,NA,NA
852,35.87541723,715.7647003,yes,7.079224064,25,7,136.3812956,0,0,4,4
853,33.3776655,737.0204708,yes,23.36444034,11,2,43.87148643,0,0,NA,NA
854,31.35328394,731.8474564,yes,31.16939612,0,0,0,0,0,NA,NA
855,37.73161262,701.3533872,yes,1.714830943,146,47,946.789269,1,34.18856864,2,2
856,30.65706466,724.8104721,yes,3.856908612,22,6,117.5873737,0,0,NA,NA
857,28.64246906,652.4247665,no,6.942680504,13,2,38.08084436,2,37.73377734,NA,NA
858,34.30737577,748.6577159,no,15.44535825,28,9,157.6733174,1,31.21323473,2,1
859,34.38860261,769.3813398,yes,9.042958814,181,57,1312.042976,0,0,3,1
860,36.58783678,663.8677322,yes,4.115782723,3,0,0,1,14.2497508,NA,NA
861,39.48289652,713.4150464,yes,5.206265609,5,0,0,3,101.224066,NA,NA
862,38.66754938,748.8426237,yes,0.352992757,0,0,0,2,67.60501004,NA,NA
863,35.34891398,680.7792038,yes,7.133207562,78,29,655.6691633,0,0,4,2
864,38.15785035,753.0676506,yes,1.181502942,0,0,0,12,705.6595629,3,2
865,33.56661777,691.7678081,no,9.902794289,0,0,0,1,42.3411015,3,3
866,45.95335707,697.5419065,yes,3.51556886,23,5,102.8879099,3,152.0968644,3,2
867,31.68282012,766.16694,yes,26.20457968,0,0,0,0,0,NA,NA
868,31.57040762,823.8003768,yes,1.105800569,1,0,0,8,538.203277,4,3
869,36.85927587,757.8554759,yes,17.52944673,12,3,61.62872899,0,0,2,3
870,34.99683179,542.9708478,yes,3.123114328,1,1,18.44708861,3,155.3124157,NA,NA
871,42.66251564,723.1610897,yes,6.995061609,0,0,0,2,106.0213075,3,3
872,42.80774083,690.765735,yes,3.940732278,0,0,0,4,63.64808449,4,4
873,38.65423402,821.0015488,yes,0.654347967,93,27,552.9603366,6,182.9146851,3,4
874,37.9107409,678.7106698,no,16.84725981,178,47,1053.618164,1,31.63635398,3,3
875,35.57483972,760.7236908,yes,3.613076143,11,5,80.66007206,3,77.16553794,2,1
876,38.87099686,751.6228399,yes,15.70268245,0,0,0,0,0,4,3
877,28.99160212,623.8548208,yes,39.98951123,0,0,0,0,0,3,1
878,28.45818314,751.133387,yes,15.2717259,8,2,38.14132398,1,41.80509507,3,3
879,32.42829758,712.7629119,yes,15.35817264,31,8,172.3676891,1,50.17773925,1,1
880,20.2620587,667.1532121,yes,5.477050121,0,0,0,0,0,3,4
881,24.5356323,690.4599222,no,24.05611626,8,3,71.91131601,0,0,2,3
882,30.55480801,732.4551985,yes,6.564249027,50,18,320.7328417,2,85.2411196,NA,NA
883,33.94398498,769.6829373,yes,1.768406591,1,0,0,1,56.4565395,NA,NA
884,36.84765865,694.0008713,yes,1.501043989,1,0,0,2,145.0381282,3,3
885,33.31027618,667.4404912,yes,2.133437486,16,4,69.7099619,3,113.2215311,NA,NA
886,42.38743709,744.4508599,no,9.688615314,7,0,0,0,0,3,3
887,34.56975719,706.4964214,yes,3.071758262,23,6,120.6987057,1,15.91571425,4,3
888,38.15118954,767.1886761,yes,1.545867662,0,0,0,7,299.1950667,4,5
889,36.78942053,703.7423947,yes,3.015285318,0,0,0,0,0,2,1
890,40.5162693,792.0598926,yes,4.568131949,6,1,18.44557761,4,114.6027934,NA,NA
891,29.86867849,691.1413776,no,21.01277856,13,2,34.52303159,0,0,NA,NA
892,30.70616439,757.2091542,yes,6.511261816,7,4,86.09218495,1,33.57243709,NA,NA
893,32.64329753,746.174414,no,4.264906705,88,27,588.2032721,2,74.47284416,3,3
894,31.90352927,672.8431339,yes,3.478920157,10,5,101.905867,0,0,3,2
895,38.1401963,760.4939974,yes,7.555192211,9,2,45.28020353,0,0,3,1
896,29.81235147,701.263466,yes,15.46687619,0,0,0,0,0,2,1
897,40.78123279,640.3859844,yes,3.338065381,0,0,0,1,27.01981157,NA,NA
898,39.62064518,776.5632286,yes,18.03686038,16,7,153.6551833,0,0,3,3
899,35.44408638,671.9007134,yes,2.779936639,2,1,20.51138952,3,79.20857597,3,2
900,38.1945135,692.9014616,yes,7.748888912,0,0,0,0,0,4,4
901,33.57308816,717.4793245,yes,4.770429175,0,0,0,1,57.33197734,NA,NA
902,40.33319183,739.4692089,yes,1.285495883,10,1,24.65695419,3,148.7626078,NA,NA
903,40.734557,773.4652534,yes,2.549507574,8,3,63.53743386,2,73.65345287,3,2
904,36.49723216,812.6265135,no,0.265878858,10,3,64.72683716,3,90.76906733,4,3
905,27.56926447,669.9770484,yes,9.546524462,101,28,685.413056,1,31.52330863,3,2
906,30.90363964,665.2701451,no,1.780696719,17,5,95.79164773,3,93.93952992,5,4
907,37.06302086,750.4259325,no,3.556696659,2,0,0,3,150.2778904,4,2
908,37.64877165,774.5332359,yes,7.263166923,6,2,39.12162743,2,50.48529089,3,1
909,35.26860791,713.7636308,yes,2.843500151,0,0,0,2,67.44051699,3,3
910,38.69935298,770.3404586,yes,3.404545629,2,1,19.69643324,0,0,NA,NA
911,35.03452015,800.8229603,yes,0.546498933,1,0,0,2,120.1842918,4,2
912,39.27647807,652.5454382,yes,15.64961348,9,0,0,0,0,3,2
913,31.27790969,727.983302,no,1.72706812,2,1,20.76447708,2,97.96938421,2,2
914,24.14397008,657.6289473,yes,2.115708114,0,0,0,5,361.316137,2,2
915,34.71691847,700.3002269,no,3.409531448,36,10,197.8400401,0,0,NA,NA
916,26.87361194,729.2078213,yes,81.41244429,15,4,75.23376016,0,0,2,2
917,34.87147094,692.0615225,yes,34.64098583,21,9,190.9528337,0,0,3,2
918,23.99329239,701.6096868,yes,2.875121944,5,3,46.77761115,2,86.8132097,NA,NA
919,39.99948265,712.2784896,yes,1.696072892,7,1,23.86007073,0,0,4,4
920,31.34811845,670.0495025,no,8.002567925,0,0,0,0,0,4,3
921,38.68858356,749.3584126,yes,9.873701682,37,14,286.3745123,0,0,NA,NA
922,36.37356581,802.2958709,yes,2.926051101,93,25,527.3388456,1,36.17407915,3,3
923,33.32929772,729.0612354,yes,14.32600729,0,0,0,0,0,3,3
924,33.93048954,667.9674471,no,2.729446662,0,0,0,0,0,2,1
925,37.9832369,662.9800155,yes,0.917061995,0,0,0,4,84.77758426,NA,NA
926,31.49943486,636.7907208,yes,10.1570511,61,23,442.7093672,0,0,NA,NA
927,35.36226311,755.4950265,yes,6.8998905,7,1,21.09800939,2,140.5925209,4,4
928,35.54800157,678.0502999,no,22.84847672,7,2,41.23456902,1,47.11802916,4,2
929,30.96285004,661.8461366,yes,38.93652273,0,0,0,1,37.66457359,4,4
930,32.97772379,753.0475666,yes,3.061903574,0,0,0,3,76.96441673,4,3
931,33.98258877,810.8504479,no,1.403015748,2,1,24.64874409,2,99.11224923,NA,NA
932,38.25856982,698.4846574,yes,13.2132784,24,6,130.4654513,0,0,3,1
933,33.44710431,705.9167234,no,35.65236274,0,0,0,1,78.90601596,3,3
934,41.58317922,732.0513463,yes,13.25773634,62,20,396.1519138,1,28.34839076,3,3
935,41.53093177,740.7035329,yes,1.577638001,3,0,0,2,95.26538883,3,1
936,37.45225254,688.2847413,no,5.169115108,0,0,0,0,0,NA,NA
937,37.90783399,653.0559699,yes,2.719572843,71,15,314.1520567,2,73.41661696,4,3
938,35.68240362,646.7868227,yes,36.50144166,24,6,154.0308394,1,27.46905186,3,2
939,51.86273713,722.9695074,no,4.840561191,0,0,0,2,50.85236811,NA,NA
940,28.96717586,683.8535209,yes,12.86633611,12,2,43.7308226,0,0,3,2
941,37.17815178,817.7477833,yes,9.158196464,4,2,43.48666225,3,140.3313976,2,1
942,34.53059446,709.0833608,yes,7.526369044,2,0,0,2,49.32030577,NA,NA
943,29.18965326,743.2862459,no,2.089763067,1,0,0,4,105.6709054,NA,NA
944,30.3650049,682.8730885,no,45.43691702,0,0,0,0,0,2,3
945,30.20408119,723.4086944,yes,17.33258903,1,0,0,2,80.83458198,NA,NA
946,40.56336513,814.7074333,yes,5.707461193,7,3,65.59015744,1,24.55114649,NA,NA
947,29.61997396,720.2664419,yes,14.83893243,0,0,0,0,0,3,2
948,34.78486272,706.5792242,yes,8.197707363,2,0,0,0,0,4,3
949,30.77718689,760.4625782,yes,5.196270928,5,0,0,0,0,4,4
950,35.93200577,727.7342309,no,4.284836364,0,0,0,2,85.02449011,2,2
951,43.11272651,839.8546312,no,8.125528016,3,3,65.56215747,0,0,NA,NA
952,32.16388844,758.0230293,yes,1.085254264,13,6,141.6089114,6,181.5680127,1,1
953,29.75127596,738.1190736,yes,11.62353979,45,10,221.2745495,0,0,5,4
954,34.65817449,773.6769728,yes,5.417994965,0,0,0,1,37.75110551,3,2
955,31.16978385,630.4454414,yes,2.347599234,2,1,21.65801232,2,45.35327313,3,1
956,38.55662732,823.0907782,yes,18.26723787,22,9,159.00722,4,180.1773367,NA,NA
957,26.91365878,672.6625035,yes,2.485705412,51,9,165.3957203,3,73.59446994,3,2
958,31.89548276,772.0635529,yes,45.89756181,107,32,639.3976221,0,0,3,2
959,25.96911097,671.1545806,yes,9.225989694,39,10,223.6531814,1,27.11604817,3,2
960,35.96986537,777.3976759,yes,59.89458024,17,2,47.87534901,2,27.77953761,3,3
961,39.42383782,751.881826,yes,4.138049859,59,15,272.6194775,2,53.65794095,4,2
962,32.13404886,730.0183405,yes,8.165298897,17,6,120.6129092,0,0,NA,NA
963,30.00802912,798.149971,no,1.757094935,80,26,472.0853728,3,117.684293,5,3
964,44.96012619,726.5868778,yes,211.223779,39,13,235.8080361,0,0,2,2
965,29.87911123,725.0968996,yes,6.065929518,0,0,0,2,41.63733404,5,4
966,35.23583564,699.512074,yes,33.91686648,3,0,0,0,0,3,3
967,28.49237528,727.8244641,no,43.11533531,0,0,0,1,17.31556353,NA,NA
968,32.20930912,630.2462722,no,4.408977941,0,0,0,1,24.28342749,3,3
969,34.3573997,663.0901353,yes,34.64313556,121,36,635.881739,0,0,3,2
970,34.3016281,719.2916432,yes,17.10641561,28,5,103.455062,0,0,4,2
971,41.62751698,741.4501925,yes,31.11275498,12,4,80.99038541,0,0,NA,NA
972,39.11022411,739.9148848,no,11.79555941,8,3,51.19517712,0,0,NA,NA
973,37.43885376,727.7993664,yes,7.374772676,102,34,704.582478,0,0,4,3
974,33.03794332,617.1174977,yes,1.320137303,5,1,16.71779009,2,102.675358,NA,NA
975,29.88280775,714.1932972,yes,28.24177138,20,5,94.771162,0,0,4,3
976,36.48906216,633.9046396,yes,7.729913261,2,1,24.08113632,2,43.76787068,NA,NA
977,30.84596764,700.7715126,yes,45.37375968,85,19,388.4079488,0,0,NA,NA
978,41.56106413,790.926438,yes,1.771421835,0,0,0,2,69.14464302,3,2
979,27.7983232,758.8503336,no,5.94524597,1,1,19.94417336,2,86.81645756,NA,NA
980,46.56022155,776.618858,yes,2.270197343,6,1,21.99146239,3,208.2730674,NA,NA
981,31.47864973,665.8561597,yes,5.001819468,3,0,0,0,0,NA,NA
982,39.31515783,750.6832755,yes,4.926769452,11,5,106.1191473,1,110.4212625,2,1
983,32.46738872,671.2562589,yes,11.77134005,0,0,0,3,111.326071,3,2
984,33.99652607,765.352075,yes,4.090856185,1,1,21.50117799,2,41.2530596,NA,NA
985,36.63213259,804.4699286,yes,1.544877933,75,28,619.0141539,2,56.21910073,3,3
986,29.46593148,712.8238788,yes,2.088049513,83,29,551.6157144,0,0,3,2
987,43.5184338,717.0439153,yes,32.5930706,0,0,0,0,0,3,3
988,35.59651472,728.2698759,yes,3.53637065,28,4,82.45744819,0,0,NA,NA
989,35.09783968,763.4697697,yes,17.16695183,0,0,0,0,0,NA,NA
990,42.72221828,842.1665832,yes,15.73002002,0,0,0,0,0,3,3
991,31.41570638,670.7240144,yes,11.92064226,28,7,133.0131324,1,47.7180782,2,2
992,32.95272861,710.0784647,yes,4.706969737,1,0,0,1,40.56879333,3,3
993,34.59017697,718.488894,yes,2.08655747,49,17,295.8737403,2,80.54123977,4,3
994,39.44533597,708.1887734,no,15.51787194,5,2,37.06640226,1,29.85580709,NA,NA
995,31.10803536,720.9978384,yes,28.80344444,3,0,0,0,0,4,3
996,27.93018172,660.460094,yes,2.34307623,9,5,100.3443862,1,27.73344762,2,2
997,35.59718666,628.3622928,no,19.36492598,46,20,468.4341964,2,73.53531571,3,3
998,46.14149817,793.4403184,yes,11.5642421,16,5,92.47351855,0,0,NA,NA
999,30.88977792,737.2930485,yes,5.38213968,47,9,171.6717746,4,107.0876774,5,3
1000,40.06319401,774.9912034,yes,29.23914012,37,10,224.0669362,1,35.67671399,3,1
